School Level / Category,SNo.,School Code,School Name,Address
School Level: SSS,1,S0494,ASSAM LINGZEY GOVERNMENT SENIOR SECONDARY SCHOOL,"P.O. Assam Lingzey, Pin: 737135"
School Level: SSS,2,S0253,BARIAKHOP GOVERNMENT SENIOR SECONDARY SCHOOL,"P.O. Buriakhop, Pin: 737121"
School Level: SSS,3,S0397,BERMIOK TOKAL GOVERNMENT SENIOR SECONDARY SCHOOL,"P.O. Temi Tarku, Pin: 737134"
School Level: SSS,4,S0188,BIRASPATI PARSAI GOVERNMENT SENIOR SECONDARY SCHOOL,"P.O. Ranipool, Pin: 737135"
School Level: SSS,5,S0257,BOJOGHARI GOVERNMENT SENIOR SECONDARY SCHOOL,"P.O. Bhojoghari, Pin: 737103"
School Level: SSS,6,S0099,CENTRAL PENDAM GOVERNMENT SENIOR SECONDARY SCHOOL,"P.O. Upper Pendam, Pin: 737132"
School Level: SSS,7,S0536,CHAKUNG GOVERNMENT SENIOR SECONDARY SCHOOL,"P.O. Chumbong, Pin: 737121"
School Level: SSS,8,S0124,CHUJACHEN GOVERNMENT SENIOR SECONDARY SCHOOL,"P.O. Rongli Bazar, Pin: 737131"
School Level: SSS,9,S0530,DARAMDIN GOVERNMENT SENIOR SECONDARY SCHOOL,"P.O. Sombarey, Pin: 737122"
School Level: SSS,10,S0541,DARAP GOVERNMENT SENIOR SECONDARY SCHOOL,"P.O. Gayzing, Pin: 737111"
School Level: SSS,11,S0754,DENTAM GOVERNMENT SENIOR SECONDARY SCHOOL,"P.O. Dentam, Pin: 737112"
School Level: SSS,12,S0458,DEORALI GIRLS GOVERNMENT SENIOR SECONDARY SCHOOL,"P.O. Tadong, Pin: 737102"
School Level: SSS,13,S0466,DIKCHU GOVERNMENT SENIOR SECONDARY SCHOOL,"P.O. Dikchu, Pin: 737107"
School Level: SSS,14,S0500,DIKLING GOVERNMENT SENIOR SECONDARY SCHOOL,"P.O. Pakyong, Pin: 737106"
School Level: SSS,15,S0488,ENCHEY GOVERNMENT SENIOR SECONDARY SCHOOL,"P.O. Raj Bhawan, Pin: 737103"
School Level: SSS,16,S0012,HEE- GYATHANG GOVERNMENT SENIOR SECONDARY SCHOOL,"P.O. Mangan, Pin: 737116"
School Level: SSS,17,S0709,HEE YANGTHANG GOVERNMENT SENIOR SECONDARY SCHOOL,"P.O. Hee Gaon, Pin: 737113"
School Level: SSS,18,S0694,JORETHANG GOVERNMENT SENIOR SECONDARY SCHOOL,"P.O. Naya Bazar, Pin: 737121"
School Level: SSS,19,S0753,K.B.LIMBOO GOVERNMENT SENIOR SECONDARY SCHOOL,"P.O. Sribadam, Pin: 737121"
School Level: SSS,20,S0725,KALUK GOVERNMENT SENIOR SECONDARY SCHOOL,"P.O. Kaluk Bazar, Pin: 737114"
School Level: SSS,21,S0040,KALZANG GYATSO GOVERNMENT SENIOR SECONDARY SCHOOL,"P.O. Kabi, Pin: 737117"
School Level: SSS,22,S0418,KEWZING GOVERNMENT SENIOR SECONDARY SCHOOL,"P.O. Kewzing, Pin: 737139"
School Level: SSS,23,S0487,KHAMDONG SONAMATI MEMORIAL GOVERNMENT SENIOR SECONDARY SCHOOL,"P.O. Khamdong, Pin: 737134"
School Level: SSS,24,S0254,KHECHUPERI GOVERNMENT SENIOR SECONDARY SCHOOL,"P.O. Khechuperi, Pin: 737113"
School Level: SSS,25,S0403,KITAM GOVERNMENT SENIOR SECONDARY SCHOOL,"P.O. Kitam, Pin: 737126"
School Level: SSS,26,S0265,KYONGSA GIRLS GOVERNMENT SENIOR SECONDARY SCHOOL,"P.O. Gayzing, Pin: 737111"
School Level: SSS,27,S0271,LEGSHIP GOVERNMENT SENIOR SECONDARY SCHOOL,"P.O. Legship, Pin: 737111"
School Level: SSS,28,S0248,LINGDOK GOVERNMENT SENIOR SECONDARY SCHOOL,"P.O. Lingdok, Pin: 737103"
School Level: SSS,29,S0565,LINGEE GOVERNMENT SENIOR SECONDARY SCHOOL,"P.O. Yangang, Pin: 737134"
School Level: SSS,30,S0568,LINGMOO-KOLTHANG GOVERNMENT SENIOR SECONDARY SCHOOL,"P.O. Yangang, Pin: 737134"
School Level: SSS,31,S0101,MACHONG GOVERNMENT SENIOR SECONDARY SCHOOL,"P.O. Pakyong, Pin: 737106"
School Level: SSS,32,S0102,MAKHA GOVERNMENT SENIOR SECONDARY SCHOOL,"P.O. Makha, Pin: 737138"
School Level: SSS,33,S0080,MAMRING GOVERNMENT SENIOR SECONDARY SCHOOL,"P.O. Bering, Pin: 737106"
School Level: SSS,34,S0749,MANGALBARIA GOVERNMENT SENIOR SECONDARY SCHOOL,"P.O. Takuthang, Pin: 737121"
School Level: SSS,35,S0009,MANGAN GOVERNMENT SENIOR SECONDARY SCHOOL,"P.O. Mangan, Pin: 737116"
School Level: SSS,36,S0018,MANGSHILA GOVERNMENT SENIOR SECONDARY SCHOOL,"P.O. Tingchim, Pin: 737116"
School Level: SSS,37,S0507,MODERN GOVERNMENT SENIOR SECONDARY SCHOOL,"P.O. Raj Bhawan, Pin: 737103"
School Level: SSS,38,S0652,NAMCHI GIRLS GOVERNMENT SENIOR SECONDARY SCHOOL,"P.O. Namchi, Pin: 737126"
School Level: SSS,39,S0388,NAMCHI GOVERNMENT SENIOR SECONDARY SCHOOL,"P.O. Namchi, Pin: 737126"
School Level: SSS,40,S0391,NAMTHANG GOVERNMENT SENIOR SECONDARY SCHOOL,"P.O. Namthang, Pin: 737137"
School Level: SSS,41,S0392,NANDUGAON GOVERNMENT SENIOR SECONDARY SCHOOL,"P.O. Nandugaon, Pin: 737126"
School Level: SSS,42,S0580,PELLING GOVERNMENT SENIOR SECONDARY SCHOOL,"P.O. Pelling, Pin: 737113"
School Level: SSS,43,S0690,PERBING GOVERNMENT SENIOR SECONDARY SCHOOL,"P.O. Parbing, Pin: 737126"
School Level: SSS,44,S0003,PHODONG GOVERNMENT SENIOR SECONDARY SCHOOL,"P.O. Phodong, Pin: 737119"
School Level: SSS,45,S0198,RANGPO GOVERNMENT SENIOR SECONDARY SCHOOL,"P.O. Rongpo, Pin: 737132"
School Level: SSS,46,S0183,RANKA GOVERNMENT SENIOR SECONDARY SCHOOL,"P.O. Dhajey, Pin: 737102"
School Level: SSS,47,S0655,RATEYPANI GOVERNMENT SENIOR SECONDARY SCHOOL,"P.O. Rateypani, Pin: 737128"
School Level: SSS,48,S0134,RHENOCK GOVERNMENT SENIOR SECONDARY SCHOOL,"P.O. Rhenock, Pin: 737133"
School Level: SSS,49,S0181,RUMTEK GOVERNMENT SENIOR SECONDARY SCHOOL,"P.O. Rumtek, Pin: 737135"
School Level: SSS,50,S0716,SADAM GOVERNMENT SENIOR SECONDARY SCHOOL,"P.O. Sadam, Pin: 737128"
School Level: SSS,51,S0476,SAMDONG GOVERNMENT SENIOR SECONDARY SCHOOL,"P.O. Samdong, Pin: 737107"
School Level: SSS,52,S0116,SANG GOVERNMENT SENIOR SECONDARY SCHOOL,"P.O. Sang, Pin: 737134"
School Level: SSS,53,S0132,SINGTAM GOVERNMENT SENIOR SECONDARY SCHOOL,"P.O. Singtam, Pin: 737134"
School Level: SSS,54,S0490,SIR TASHI NAMGYAL GOVERNMENT SENIOR SECONDARY SCHOOL,"P.O. Gangtok Head Office, Pin: 737101"
School Level: SSS,55,S0531,SOMBAREY GOVERNMENT SENIOR SECONDARY SCHOOL,"P.O. Sombarey, Pin: 737122"
School Level: SSS,56,S0249,SORENG GOVERNMENT SENIOR SECONDARY SCHOOL,"P.O. Soreng, Pin: 737121"
School Level: SSS,57,S0384,SUMBUK GOVERNMENT SENIOR SECONDARY SCHOOL,"P.O. Sumbuk, Pin: 737128"
School Level: SSS,58,S0195,TADONG GOVERNMENT SENIOR SECONDARY SCHOOL,"P.O. Tadong, Pin: 737102"
School Level: SSS,59,S0268,TASHIDING GOVERNMENT SENIOR SECONDARY SCHOOL,"P.O. Sinek, Pin: 737111"
School Level: SSS,60,S0402,TEMI GOVERNMENT SENIOR SECONDARY SCHOOL,"P.O. Temi Tarku, Pin: 737134"
School Level: SSS,61,S0266,THARPU GOVERNMENT SENIOR SECONDARY SCHOOL,"P.O. Tharpu, Pin: 737121"
School Level: SSS,62,S0407,VCGL RAVANGLA GOVERNMENT SENIOR SECONDARY SCHOOL,"P.O. Ravangla, Pin: 737139"
School Level: SSS,63,S0508,WEST POINT GOVERNMENT SENIOR SECONDARY SCHOOL,"P.O. Tashiling Secretariat, Pin: 737103"
School Level: SSS,64,S0566,YANGANG GOVERNMENT SENIOR SECONDARY SCHOOL,"P.O. Yangang, Pin: 737134"
School Level: SSS,65,S0555,YUKSOM GOVERNMENT SENIOR SECONDARY SCHOOL,"P.O. Yuksom, Pin: 737113"
School Level: SS,66,S0122,AHO-KISHAN GOVERNMENT SECONDARY SCHOOL,"P.O. Ranipool, Pin: 737135"
School Level: SS,67,S0097,AHO-SHANTI GOVERNMENT SECONDARY SCHOOL,"P.O. Pakyong, Pin: 737106"
School Level: SS,68,S0094,AMBA GOVERNMENT SECONDARY SCHOOL,"P.O. Amba, Pin: 737133"
School Level: SS,69,S0129,ARITAR GOVERNMENT SECONDARY SCHOOL,"P.O. Rhenock, Pin: 737133"
School Level: SS,70,S0432,ASSANGTHANG GOVERNMENT SECONDARY SCHOOL,"P.O. Assangthang, Pin: 737126"
School Level: SS,71,S0389,BEN GOVERNMENT SECONDARY SCHOOL,"P.O. Ben, Pin: 737139"
School Level: SS,72,S0270,BERMIOK MARTAM GOVERNMENT SECONDARY SCHOOL,"P.O. Bermiok, Pin: 737113"
School Level: SS,73,S0654,BIKMAT GOVERNMENT SECONDARY SCHOOL,"P.O. Rateypani, Pin: 737128"
School Level: SS,74,S0263,BONGTEN GOVERNMENT SECONDARY SCHOOL,"P.O. Dentam, Pin: 737112"
School Level: SS,75,S0523,BORONG GOVERNMENT SECONDARY SCHOOL,"P.O. Ravangla, Pin: 737139"
School Level: SS,76,S0421,BURUL GOVERNMENT SECONDARY SCHOOL,"P.O. Temi Tarku, Pin: 737134"
School Level: SS,77,S0659,C.M.RAI GOVERNMENT SECONDARY SCHOOL (OMCHU),"P.O. Vok, Pin: 737126"
School Level: SS,78,S0678,CHANDRA MAN RAI GOVERNMENT SECONDARY SCHOOL (JARRONG),"P.O. Ravangla, Pin: 737139"
School Level: SS,79,S0345,CHOTA SAMDONG GOVERNMENT SECONDARY SCHOOL,"P.O. Arubotey, Pin: 737121"
School Level: SS,80,S0719,CHUBA GOVERNMENT SECONDARY SCHOOL (S),"P.O. Parbing, Pin: 737126"
School Level: SS,81,S0260,CHUMBONG GOVERNMENT SECONDARY SCHOOL,"P.O. Chumbong, Pin: 737121"
School Level: SS,82,S0106,DALAPCHAND GOVERNMENT SECONDARY SCHOOL,"P.O. Dalapchhen, Pin: 737131"
School Level: SS,83,S0599,DAMTHANG GOVERNMENT SECONDARY SCHOOL,"P.O. Namchi, Pin: 737126"
School Level: SS,84,S0556,DODAK GOVERNMENT SECONDARY SCHOOL,"P.O. Buriakhop, Pin: 737121"
School Level: SS,85,S0111,DUGA GOVERNMENT SECONDARY SCHOOL,"P.O. Duga, Pin: 737132"
School Level: SS,86,S0264,GANGYAP GOVERNMENT SECONDARY SCHOOL (W),"P.O. Yuksom, Pin: 737113"
School Level: SS,87,S0517,GELLING GOVERNMENT SECONDARY SCHOOL,"P.O. Chakung, Pin: 737127"
School Level: SS,88,S0281,GERETHANG GOVERNMENT SECONDARY SCHOOL,"P.O. Gerethang, Pin: 737111"
School Level: SS,89,S0015,GOR GOVERNMENT SECONDARY SCHOOL,"P.O. Gor, Pin: 737107"
School Level: SS,90,S0742,HATHIDHUNGA GOVERNMENT SECONDARY SCHOOL,"P.O. Rinchenpong, Pin: 737111"
School Level: SS,91,S0398,JERMAN LEPCHA GOVERNMENT SECONDARY SCHOOL,"P.O. Turuk, Pin: 737126"
School Level: SS,92,S0396,KABREY GOVERNMENT SECONDARY SCHOOL,"P.O. Namthang, Pin: 737137"
School Level: SS,93,S0258,KAMLING GOVERNMENT SECONDARY SCHOOL,"P.O. Suldung, Pin: 737121"
School Level: SS,94,S0401,KAMRANG GOVERNMENT SECONDARY SCHOOL,"P.O. Namchi, Pin: 737126"
School Level: SS,95,S0290,KARJEE GOVERNMENT SECONDARY SCHOOL,"P.O. Karjee, Pin: 737111"
School Level: SS,96,S0695,KATENG GOVERNMENT SECONDARY SCHOOL,"P.O. Namthang, Pin: 737137"
School Level: SS,97,S0259,KHANDU GOVERNMENT SECONDARY SCHOOL,"P.O. Dentam, Pin: 737112"
School Level: SS,98,S0807,KHANISERBONG GOVERNMENT SECONDARY SCHOOL,"P.O. Arubotey, Pin: 737121"
School Level: SS,99,S0360,LABDANG GOVERNMENT SECONDARY SCHOOL,"P.O. Karjee, Pin: 737111"
School Level: SS,100,S0011,LACHEN GOVERNMENT SECONDARY SCHOOL,"P.O. Lachen, Pin: 737120"
School Level: SS,101,S0756,LACHUNG GOVERNMENT SECONDARY SCHOOL,"P.O. Lachung, Pin: 737120"
School Level: SS,102,S0280,LANGANG GOVERNMENT SECONDARY SCHOOL,"P.O. Yangthang, Pin: 737111"
School Level: SS,103,S0317,LINGCHOM GOVERNMENT SECONDARY SCHOOL,"P.O. Lingchom, Pin: 737111"
School Level: SS,104,S0665,LINGEE PAIYONG GOVERNMENT SECONDARY SCHOOL,"P.O. Yangang, Pin: 737134"
School Level: SS,105,S0112,LINGTAM GOVERNMENT SECONDARY SCHOOL,"P.O. Lingtam, Pin: 737101"
School Level: SS,106,S0083,LINKEY GOVERNMENT SECONDARY SCHOOL,"P.O. Lingkey, Pin: 737106"
School Level: SS,107,S0323,LOWER BERMIOK GOVERNMENT SECONDARY SCHOOL,"P.O. Bermiok, Pin: 737113"
School Level: SS,108,S0470,LOWER SAMDONG GOVERNMENT SECONDARY SCHOOL (EAST),"P.O. Raley Khesey, Pin: 737107"
School Level: SS,109,S0243,LOWER SUMIN GOVERNMENT SECONDARY SCHOOL,"P.O. Sangkhola, Pin: 737134"
School Level: SS,110,S0506,LOWER SYARI GOVERNMENT SECONDARY SCHOOL,"P.O. Tadong, Pin: 737102"
School Level: SS,111,S0177,LUING GOVERNMENT SECONDARY SCHOOL,"P.O. Gangtok Bazar, Pin: 737101"
School Level: SS,112,S0535,LUNGCHOK GOVERNMENT SECONDARY SCHOOL,"P.O. Sombarey, Pin: 737122"
School Level: SS,113,S0133,MAJHITAR GOVERNMENT SECONDARY SCHOOL,"P.O. Majhitar, Pin: 737135"
School Level: SS,114,S0405,MANIRAM GOVERNMENT SECONDARY SCHOOL,"P.O. Maniram, Pin: 737126"
School Level: SS,115,S0013,MANUL GOVERNMENT SECONDARY SCHOOL,"P.O. Manul, Pin: 737116"
School Level: SS,116,S0123,MARTAM GOVERNMENT SECONDARY SCHOOL,"P.O. Nazitam, Pin: 737134"
School Level: SS,117,S0699,MELLI BAZAR GOVERNMENT SECONDARY SCHOOL,"P.O. Melli Bazar, Pin: 737128"
School Level: SS,118,S0774,MELLI GUMPA GOVERNMENT SECONDARY SCHOOL,"P.O. Sumbuk, Pin: 737128"
School Level: SS,119,S0287,MELLI-ACHING GOVERNMENT SECONDARY SCHOOL,"P.O. Melli-Aching, Pin: 737113"
School Level: SS,120,S0128,MIDDLE CAMP GOVERNMENT SECONDARY SCHOOL,"P.O. Middle Camp, Pin: 737135"
School Level: SS,121,S0319,MIDDLE GEYZING GOVERNMENT SECONDARY SCHOOL,"P.O. Gayzing, Pin: 737111"
School Level: SS,122,S0251,MUKRUNG GOVERNMENT SECONDARY SCHOOL,"P.O. Dentam, Pin: 737112"
School Level: SS,123,S0399,N.T.L.VOK GOVERNMENT SECONDARY SCHOOL,"P.O. Namchi, Pin: 737126"
School Level: SS,124,S0100,NAMCHEYBONG GOVERNMENT SECONDARY SCHOOL,"P.O. Pakyong, Pin: 737106"
School Level: SS,125,S0412,NAMCHI NEW GOVERNMENT SECONDARY SCHOOL,"P.O. Namchi, Pin: 737126"
School Level: SS,126,S0394,NAMPHING GOVERNMENT SECONDARY SCHOOL,"P.O. Temi Tarku, Pin: 737134"
School Level: SS,127,S0569,NAMPHOK GOVERNMENT SECONDARY SCHOOL,"P.O. Ravangla, Pin: 737139"
School Level: SS,128,S0231,NANDOK GOVERNMENT SECONDARY SCHOOL,"P.O. Ranipool, Pin: 737135"
School Level: SS,129,S0558,NEH BROOM GOVERNMENT SECONDARY SCHOOL,"P.O. Yangang, Pin: 737134"
School Level: SS,130,S0583,OKHREY GOVERNMENT SECONDARY SCHOOL,"P.O. Okharey, Pin: 737121"
School Level: SS,131,S0701,PABONG DARING GOVERNMENT SECONDARY SCHOOL,"P.O. Temi Tarku, Pin: 737134"
School Level: SS,132,S0408,PABONG GOVERNMENT SECONDARY SCHOOL,"P.O. Pabong, Pin: 737126"
School Level: SS,133,S0510,PABYUIK GOVERNMENT SECONDARY SCHOOL,"P.O. Pabyuk, Pin: 737102"
School Level: SS,134,S0226,PACHAK GOVERNMENT SECONDARY SCHOOL,"P.O. Duga, Pin: 737132"
School Level: SS,135,S0082,PACHEY GOVERNMENT SECONDARY SCHOOL,"P.O. Pakyong, Pin: 737106"
School Level: SS,136,S0085,PACHEYKHANI GOVERNMENT SECONDARY SCHOOL,"P.O. Pacheykhani, Pin: 737106"
School Level: SS,137,S0244,PADAMCHEY GOVERNMENT SECONDARY SCHOOL,"P.O. Duga, Pin: 737132"
School Level: SS,138,S0272,PAKKIGAON GOVERNMENT SECONDARY SCHOOL,"P.O. Malbasey, Pin: 737121"
School Level: SS,139,S0023,PASSINGDANG GOVERNMENT SECONDARY SCHOOL,"P.O. Lingthem, Pin: 737116"
School Level: SS,140,S0515,PENLONG GOVERNMENT SECONDARY SCHOOL,"P.O. Penlong, Pin: 737103"
School Level: SS,141,S0121,PHADAMCHEN GOVERNMENT SECONDARY SCHOOL,"P.O. Phadamchen, Pin: 737131"
School Level: SS,142,S0001,PHENSONG GOVERNMENT SECONDARY SCHOOL,"P.O. Phensong, Pin: 737118"
School Level: SS,143,S0600,PHONG GOVERNMENT SECONDARY SCHOOL,"P.O. Namthang, Pin: 737137"
School Level: SS,144,S0279,PIPALAY GOVERNMENT SECONDARY SCHOOL,"P.O. Naya Bazaar, Pin: 737121"
School Level: SS,145,S0204,RALAP GOVERNMENT SECONDARY SCHOOL,"P.O. Makha, Pin: 737138"
School Level: SS,146,S0414,RALONG RANGCHANG GOVERNMENT SECONDARY SCHOOL,"P.O. Ralang, Pin: 737139"
School Level: SS,147,S0256,RESHI GOVERNMENT SECONDARY SCHOOL,"P.O. Reshi, Pin: 737121"
School Level: SS,148,S0592,RIBDI GOVERNMENT SECONDARY SCHOOL,"P.O. Okharey, Pin: 737121"
School Level: SS,149,S0755,RIMBIK GOVERNMENT SECONDARY SCHOOL,"P.O. Nambu, Pin: 737113"
School Level: SS,150,S0743,RINCHENPONG GOVERNMENT SECONDARY SCHOOL,"P.O. Rinchenpong, Pin: 737111"
School Level: SS,151,S0028,RINGHIM GOVERNMENT SECONDARY SCHOOL,"P.O. Mangan, Pin: 737116"
School Level: SS,152,S0135,ROLEP GOVERNMENT SECONDARY SCHOOL,"P.O. Rongli Bazar, Pin: 737131"
School Level: SS,153,S0410,RONG GOVERNMENT SECONDARY SCHOOL,"P.O. Kitam, Pin: 737126"
School Level: SS,154,S0158,RORATHANG GOVERNMENT SECONDARY SCHOOL,"P.O. Rorathang, Pin: 737133"
School Level: SS,155,S0269,SAKYONG GOVERNMENT SECONDARY SCHOOL,"P.O. Yangtey, Pin: 737111"
School Level: SS,156,S0653,SALGHARI GOVERNMENT SECONDARY SCHOOL,"P.O. Salghari, Pin: 737126"
School Level: SS,157,S0511,SANG TSHALUMTHANG GOVERNMENT SECONDARY SCHOOL,"P.O. Sangkhola, Pin: 737134"
School Level: SS,158,S0675,SANGANATH GOVERNMENT SECONDARY SCHOOL,"P.O. Sanganath, Pin: 737121"
School Level: SS,159,S0404,SANGMOO GOVERNMENT SECONDARY SCHOOL,"P.O. Ravangla, Pin: 737139"
School Level: SS,160,S0232,SICHEY GOVERNMENT SECONDARY SCHOOL,"P.O. Sinchey Goan, Pin: 737101"
School Level: SS,161,S0016,SINGHIK GOVERNMENT SECONDARY SCHOOL,"P.O. Singhik, Pin: 737116"
School Level: SS,162,S0126,SIRWANI GOVERNMENT SECONDARY SCHOOL,"P.O. Singtam, Pin: 737134"
School Level: SS,163,S0017,SONAM CHODA LEPCHA MEMORIAL SECONDARY SCHOOL(LINGDONG),"P.O. Sankalang, Pin: 737116"
School Level: SS,164,S0711,SOPAKHA GOVERNMENT SECONDARY SCHOOL,"P.O. Dentam, Pin: 737112"
School Level: SS,165,S0095,SUDUNGLAKHA GOVERNMENT SECONDARY SCHOOL,"P.O. Sudunglakha, Pin: 737133"
School Level: SS,166,S0205,SUMIN LINGCHEY GOVERNMENT SECONDARY SCHOOL,"P.O. Singtam, Pin: 737134"
School Level: SS,167,S0120,SYAPLAY SARDARAY GOVERNMENT SECONDARY SCHOOL,"P.O. West Pendam, Pin: 737134"
School Level: SS,168,S0110,TAREYTHANG GOVERNMENT SECONDARY SCHOOL,"P.O. Bering, Pin: 737106"
School Level: SS,169,S0406,TARKU GOVERNMENT SECONDARY SCHOOL,"P.O. Temi Tarku, Pin: 737134"
School Level: SS,170,S0474,TARPIN GOVERNMENT SECONDARY SCHOOL,"P.O. Rhenock, Pin: 737133"
School Level: SS,171,S0014,TASA TENGAY GOVERNMENT SECONDARY SCHOOL,"P.O. Chungthang, Pin: 737120"
School Level: SS,172,S0586,TIKPUR GOVERNMENT SECONDARY SCHOOL,"P.O. Sombarey, Pin: 737122"
School Level: SS,173,S0262,TIMBURBUNG GOVERNMENT SECONDARY SCHOOL,"P.O. Timberbong, Pin: 737121"
School Level: SS,174,S0041,TINGCHIM GOVERNMENT SECONDARY SCHOOL,"P.O. Tingchim, Pin: 737116"
School Level: SS,175,S0426,TINGLEY GOVERNMENT SECONDARY SCHOOL,"P.O. Parbing, Pin: 737126"
School Level: SS,176,S0628,TINGMOO GOVERNMENT SECONDARY SCHOOL,"P.O. Tingmo, Pin: 737139"
School Level: SS,177,S0020,TINGVONG GOVERNMENT SECONDARY SCHOOL,"P.O. Tingvong, Pin: 737116"
School Level: SS,178,S0464,TUMIN GOVERNMENT SECONDARY SCHOOL,"P.O. Tumin, Pin: 737134"
School Level: SS,179,S0393,TURUK GOVERNMENT SECONDARY SCHOOL,"P.O. Turuk, Pin: 737126"
School Level: SS,180,S0332,UTTAREY GOVERNMENT SECONDARY SCHOOL,"P.O. Dentam, Pin: 737112"
School Level: SS,181,S0715,YANGSUM GOVERNMENT SECONDARY SCHOOL,"P.O. Rinchenpong, Pin: 737111"
School Level: SS,182,S0267,ZOOM GOVERNMENT SECONDARY SCHOOL,"P.O. Zoom, Pin: 737121"
School Level: JHS,183,S0237,4TH MILE GOVERNMENT JUNIOR HIGH SCHOOL,"P.O. Raj Bhawan, Pin: 737103"
School Level: JHS,184,S0218,ADAMPOOL GOVERNMENT JUNIOR HIGH SCHOOL,"P.O. Rawtey Rumtek, Pin: 737135"
School Level: JHS,185,S0364,AGRINAYA BUSTY GOVERNMENT JUNIOR HIGH SCHOOL,"P.O. Gayzing, Pin: 737111"
School Level: JHS,186,S0596,ALLEYDARA GOVERNMENT JUNIOR HIGH SCHOOL,"P.O. Maniram, Pin: 737126"
School Level: JHS,187,S0300,BAJEK GOVERNMENT JUNIOR HIGH SCHOOL,"P.O. Tharpu, Pin: 737121"
School Level: JHS,188,S0497,BARAPATHING GOVERNMENT JUNIOR HIGH SCHOOL,"P.O. Latuk, Pin: 737131"
School Level: JHS,189,S0324,BEGHA GOVERNMENT JUNIOR HIGH SCHOOL,"P.O. Dentam, Pin: 737112"
School Level: JHS,190,S0436,BEN KABEY GOVERNMENT JUNIOR HIGH SCHOOL,"P.O. Ben, Pin: 737139"
School Level: JHS,191,S0114,BERING GOVERNMENT JUNIOR HIGH SCHOOL,"P.O. Bering, Pin: 737106"
School Level: JHS,192,S0708,BERMIOK DARAGAON GOVERNMENT JUNIOR HIGH SCHOOL,"P.O. Bermiok, Pin: 737113"
School Level: JHS,193,S0617,BERMIOK THANGSING GOVERNMENT JUNIOR HIGH SCHOOL,"P.O. Temi Tarku, Pin: 737134"
School Level: JHS,194,S0247,BHASMEY GOVERNMENT JUNIOR HIGH SCHOOL,"P.O. Rongpo, Pin: 737132"
School Level: JHS,195,S0130,BHIRKUNA GOVERNMENT JUNIOR HIGH SCHOOL,"P.O. Khamdong, Pin: 737134"
School Level: JHS,196,S0220,BHUSUK GOVERNMENT JUNIOR HIGH SCHOOL,"P.O. Bhusuk, Pin: 737103"
School Level: JHS,197,S0520,BIRDANG GOVERNMENT JUNIOR HIGH SCHOOL,"P.O. Reshi, Pin: 737121"
School Level: JHS,198,S0736,BOOM RESHI GOVERNMENT JUNIOR HIGH SCHOOL,"P.O. Kaluk Bazar, Pin: 737114"
School Level: JHS,199,S0509,BORDANG GOVERNMENT JUNIOR HIGH SCHOOL,"P.O. Bardang, Pin: 737134"
School Level: JHS,200,S0518,BUDANG GOVERNMENT JUNIOR HIGH SCHOOL (W),"P.O. Budang, Pin: 737121"
School Level: JHS,201,S0504,BURTUK GOVERNMENT JUNIOR HIGH SCHOOL,"P.O. Nandok, Pin: 737135"
School Level: JHS,202,S0703,BURUL SINGTAM GOVERNMENT JUNIOR HIGH SCHOOL,"P.O. Karmatar, Pin: 737117"
School Level: JHS,203,S0119,BURUNG GOVERNMENT JUNIOR HIGH SCHOOL,"P.O. Beyong, Pin: 737134"
School Level: JHS,204,S0326,CENTRAL MARTAM GOVERNMENT JUNIOR SCHOOL,"P.O. Bermiok, Pin: 737113"
School Level: JHS,205,S0620,CHALLAMTHANG GOVERNMENT JUNIOR HIGH SCHOOL,"P.O. Temi Tarku, Pin: 737134"
School Level: JHS,206,S0217,CHATURSINGH RAI GOVERNMENT JUNIOR HIGH SCHOOL,"P.O. Gangtok Head Office, Pin: 737101"
School Level: JHS,207,S0614,CHEMCHEY GOVERNMENT JUNIOR HIGH SCHOOL,"P.O. Namchi, Pin: 737126"
School Level: JHS,208,S0190,CHEURIBOTEY GOVERNMENT JUNIOR HIGH SCHOOL (E),"P.O. Duga, Pin: 737132"
School Level: JHS,209,S0747,CHINGTHANG GOVERNMENT JUNIOR HIGH SCHOOL,"P.O. Rinchenpong, Pin: 737111"
School Level: JHS,210,S0236,CHUBA GOVERNMENT JUNIOR HIGH SCHOOL (E),"P.O. Middle Camp, Pin: 737135"
School Level: JHS,211,S0400,CHUMLOK GOVERNMENT JUNIOR HIGH SCHOOL,"P.O. Namchi, Pin: 737126"
School Level: JHS,212,S0670,DALEP KEWZING GOVERNMENT JUNIOR HIGH SCHOOL,"P.O. Kewzing, Pin: 737139"
School Level: JHS,213,S0241,DAMLAKHA GOVERNMENT JUNIOR HIGH SCHOOL,"P.O. Pakyong, Pin: 737106"
School Level: JHS,214,S0304,DARAPTHANG GOVERNMENT JUNIOR HIGH SCHOOL,"P.O. Thingling, Pin: 737113"
School Level: JHS,215,S0434,DENCHUNG GOVERNMENT JUNIOR HIGH SCHOOL,"P.O. Nandugaon, Pin: 737126"
School Level: JHS,216,S0382,DENTAM TAR GOVERNMENT JUNIOR HIGH SCHOOL,"P.O. Dentam, Pin: 737112"
School Level: JHS,217,S0411,DEYTHANG GOVERNMENT JUNIOR HIGH SCHOOL (S),"P.O. Ravangla, Pin: 737139"
School Level: JHS,218,S0720,DEYTHANG GOVERNMENT JUNIOR HIGH SCHOOL (W),"P.O. Sribadam, Pin: 737121"
School Level: JHS,219,S0457,DOCHUM GOVERNMENT JUNIOR HIGH SCHOOL,"P.O. Singtam, Pin: 737134"
School Level: JHS,220,S0551,DONG AMBOTEY GOVERNMENT JUNIOR HIGH SCHOOL,"P.O. Poklok, Pin: 737126"
School Level: JHS,221,S0687,DOZAK GOVERNMENT JUNIOR HIGH SCHOOL,"P.O. Ravangla, Pin: 737139"
School Level: JHS,222,S0472,DUGALAKHA GOVERNMENT JUNIOR HIGH SCHOOL,"P.O. Pakyong, Pin: 737106"
School Level: JHS,223,S0153,GANCHUNG GOVERNMENT JUNIOR HIGH SCHOOL,"P.O. Pakyong, Pin: 737106"
School Level: JHS,224,S0200,GAUCHARAN GOVERNMENT JUNIOR HIGH SCHOOL,"P.O. Assam Lingzey, Pin: 737135"
School Level: JHS,225,S0369,GITANG GOVERNMENT JUNIOR HIGH SCHOOL,"P.O. Dentam, Pin: 737112"
School Level: JHS,226,S0030,GNON SANGDONG GOVERNMENT JUNIOR HIGH SCHOOL,"P.O. Lingthem, Pin: 737116"
School Level: JHS,227,S0423,GOAM GOVERNMENT JUNIOR HIGH SCHOOL,"P.O. Sorok, Pin: 737126"
School Level: JHS,228,S0451,GUMPA GHURPISEY GOVERNMENT JUNIOR HIGH SCHOOL,"P.O. Namchi, Pin: 737126"
School Level: JHS,229,S0610,GURUNGGAON GOVERNMENT JUNIOR HIGH SCHOOL,"P.O. Assangthang, Pin: 737126"
School Level: JHS,230,S0333,HEE-PATAL GOVERNMENT JUNIOR HIGH SCHOOL,"P.O. Hee Gaon, Pin: 737113"
School Level: JHS,231,S0718,JHUSINGTHANG GOVERNMENT JUNIOR HIGH SCHOOL,"P.O. Takuthang, Pin: 737121"
School Level: JHS,232,S0553,KAIZALEY GOVERNMENT JUNIOR HIGH SCHOOL,"P.O. Namthang, Pin: 737137"
School Level: JHS,233,S0475,KAMBAL GOVERNMENT JUNIOR HIGH SCHOOL,"P.O. Samdong, Pin: 737107"
School Level: JHS,234,S0775,KAMEREY GOVERNMENT JUNIOR HIGH SCHOOL (S),"P.O. Sumbuk, Pin: 737128"
School Level: JHS,235,S0385,KARTIKEY GOVERNMENT JUNIOR HIGH SCHOOL,"P.O. Sumbuk, Pin: 737128"
School Level: JHS,236,S0664,KARUNGTHANG GOVERNMENT JUNIOR HIGH SCHOOL,"P.O. Yangang, Pin: 737134"
School Level: JHS,237,S0424,LEGSHIP-HINGDAM GOVERNMENT JUNIOR HIGH SCHOOL,"P.O. Ravangla, Pin: 737139"
School Level: JHS,238,S0212,LINGDING GOVERNMENT JUNIOR HIGH SCHOOL,"P.O. Gangtok Bazar, Pin: 737101"
School Level: JHS,239,S0697,LINGEE KARJEE GOVERNMENT JUNIOR HIGH SCHOOL,"P.O. Yangang, Pin: 737134"
School Level: JHS,240,S0025,LINGTHEM GOVERNMENT JUNIOR HIGH SCHOOL,"P.O. Lingthem, Pin: 737116"
School Level: JHS,241,S0632,LINGYONG GOVERNMENT JUNIOR HIGH SCHOOL,"P.O. Sanganath, Pin: 737121"
School Level: JHS,242,S0767,LINGZYA GOVERNMENT JUNIOR HIGH SCHOOL,"P.O. Tingvong, Pin: 737116"
School Level: JHS,243,S0431,LOWER CHHALAMTHANG GOVERNMENT JUNIOR HIGH SCHOOL,"P.O. Temi Tarku, Pin: 737134"
School Level: JHS,244,S0325,LOWER CHONGRANG GOVERNMENT JUNIOR HIGH SCHOOL,"P.O. Sinek, Pin: 737111"
School Level: JHS,245,S0229,LOWER NANDOK GOVERNMENT JUNIOR HIGH SCHOOL,"P.O. Ranipool, Pin: 737135"
School Level: JHS,246,S0629,LOWER PERBING GOVERNMENT JUNIOR HIGH SCHOOOL,"P.O. Temi Tarku, Pin: 737134"
School Level: JHS,247,S0656,LOWER TARKU GOVERNMENT JUNIOR HIGH SCHOOL,"P.O. Temi Tarku, Pin: 737134"
School Level: JHS,248,S0208,LUMSEY GOVERNMENT JUNIOR HIGH SCHOOL,"P.O. Tadong, Pin: 737102"
School Level: JHS,249,S0771,LUNGCHOK GOVERNMENT JUNIOR HIGH SCHOOL,"P.O. Sumbuk, Pin: 737128"
School Level: JHS,250,S0533,LUNGYAM GOVERNMENT JUNIOR HIGH SCHOOL,"P.O. Sombarey, Pin: 737122"
School Level: JHS,251,S0291,MABONG GOVERNMENT JUNIOR HIGH SCHOOL,"P.O. Takuthang, Pin: 737121"
School Level: JHS,252,S0338,MALBASAY GOVERNMENT JUNIOR HIGH SCHOOL,"P.O. Malbasey, Pin: 737121"
School Level: JHS,253,S0350,MALBASEY BUDANG GOVERNMENT JUNIOR HIGH SCHOOL,"P.O. Malbasey, Pin: 737121"
School Level: JHS,254,S0428,MAMLEY GOVERNMENT JUNIOR HIGH SCHOOL,"P.O. Namchi, Pin: 737126"
School Level: JHS,255,S0616,MAMRING GOVERNMENT JUNIOR HIGH SCHOOL,"P.O. Rangpo, Pin: 737132"
School Level: JHS,256,S0627,MANGLAY SINCHUTHANG GOVERNMENT JUNIOR HIGH SCHOOL,"P.O. Temi Tarku, Pin: 737134"
School Level: JHS,257,S0341,MANGSARI GOVERNMENT JUNIOR HIGH SCHOOL,"P.O. Tharpu, Pin: 737121"
School Level: JHS,258,S0621,MANGZING GOVERNMENT JUNIOR HIGH SCHOOL,"P.O. Yangang, Pin: 737134"
School Level: JHS,259,S0109,MARTAM YANGTHANG GOVERNMENT JUNIOR HIGH SCHOOL,"P.O. Upper Martam, Pin: 737135"
School Level: JHS,260,S0455,MAZITAR GOVERNMENT JUNIOR HIGH SCHOOL,"P.O. Namthang, Pin: 737137"
School Level: JHS,261,S0645,MELLI KERABARI GOVERNMENT JUNIOR HIGH SCHOOL,"P.O. Sumbuk, Pin: 737128"
School Level: JHS,262,S0760,MELLI PAIYONG GOVERNMENT JUNIOR HIGH SCHOOL,"P.O. Melli Bazar, Pin: 737128"
School Level: JHS,263,S0353,MENDOGOAN GOVERNMENT JUNIOR HIGH SCHOOL,"P.O. Chakhung, Pin: 737127"
School Level: JHS,264,S0572,MENGLEE GOVERNMENT JUNIOR HIGH SCHOOL,"P.O. Yangang, Pin: 737134"
School Level: JHS,265,S0601,MICKKHOLA GOVERNMENT JUNIOR HIGH SCHOOL,"P.O. Mikkhola, Pin: 737126"
School Level: JHS,266,S0335,MIDDLE CHONGRANG GOVERNMENT JUNIOR HIGH SCHOOL,"P.O. Tashiding, Pin: 737111"
School Level: JHS,267,S0705,MILLING KARMATAR GOVERNMENT JUNIOR HIGH SCHOOL,"P.O. Karmatar, Pin: 737117"
School Level: JHS,268,S0125,MULUKEY GOVERNMENT JUNIOR HIGH SCHOOL,"P.O. Sudunglakha, Pin: 737133"
School Level: JHS,269,S0021,NAGA GOVERNMENT JUNIOR HIGH SCHOOL,"P.O. Naga, Pin: 737120"
School Level: JHS,270,S0669,NAMLUNG GOVERNMENT JUNIOR HIGH SCHOOL,"P.O. Ralang, Pin: 737139"
School Level: JHS,271,S0047,NAMOK GOVERNMENT JUNIOR HIGH SCHOOL,"P.O. Namok, Pin: 737116"
School Level: JHS,272,S0240,NAMONG ARITHANG GOVERNMENT JUNIOR HIGH SCHOOL,"P.O. Bhusuk, Pin: 737103"
School Level: JHS,273,S0252,NAMPONG GOVERNMENT JUNIOR HIGH SCHOOL,"P.O. Lingdok, Pin: 737103"
School Level: JHS,274,S0029,NAMPRICK GOVERNMENT JUNIOR HIGH SCHOOL,"P.O. Tingvong, Pin: 737116"
School Level: JHS,275,S0318,NAYABAZAR GOVERNMENT JUNIOR HIGH SCHOOL,"P.O. Naya Bazaar, Pin: 737121"
School Level: JHS,276,S0721,NAZOOR BERFOK GOVERNMENT JUNIOR HIGH SCHOOL,"P.O. Kaluk Bazar, Pin: 737114"
School Level: JHS,277,S0084,NIMTAR GOVERNMENT JUNIOR HIGH SCHOOL,"P.O. Middle Camp, Pin: 737135"
School Level: JHS,278,S0176,NORTH REGU GOVERNMENT JUNIOR HIGH SCHOOL,"P.O. North Regu, Pin: 737131"
School Level: JHS,279,S0299,OMCHUNG GOVERNMENT JUNIOR HIGH SCHOOL,"P.O. Legship, Pin: 737111"
School Level: JHS,280,S0044,PAKSHEK GOVERNMENT JUNIOR HIGH SCHOOL,"P.O. Mangan, Pin: 737116"
School Level: JHS,281,S0683,PAKSOM GOVERNMENT JUNIOR HIGH SCHOOL,"P.O. Barfung, Pin: 737139"
School Level: JHS,282,S0088,PAKYONG GOVERNMENT JUNIOR HIGH SCHOOL,"P.O. Pakyong, Pin: 737106"
School Level: JHS,283,S0550,PAMPHOK GOVERNMENT JUNIOR HIGH SCHOOL,"P.O. Namthang, Pin: 737137"
School Level: JHS,284,S0770,PANCHGHAREY GOVERNMENT JUNIOR HIGH SCHOOL,"P.O. Turuk, Pin: 737126"
School Level: JHS,285,S0250,PANGTHANG GOVERNMENT JUNIOR HIGH SCHOOL,"P.O. Lingdok, Pin: 737103"
School Level: JHS,286,S0089,PARAKHA GOVERNMENT JUNIOR HIGH SCHOOL,"P.O. Pakyong, Pin: 737106"
School Level: JHS,287,S0662,PASSI GOVERNMENT JUNIOR HIGH SCHOOL,"P.O. Rateypani, Pin: 737128"
School Level: JHS,288,S0644,PATHING GOVERNMENT JUNIOR HIGH SCHOOL,"P.O. Yangang, Pin: 737134"
School Level: JHS,289,S0096,PATUK CHANDEY GOVERNMENT JUNIOR HIGH SCHOOL,"P.O. Kokaley, Pin: 737134"
School Level: JHS,290,S0273,PELLING CHUMPONG GOVERNMENT JUNIOR HIGH SCHOOL,"P.O. Pelling, Pin: 737113"
School Level: JHS,291,S0228,PERBING GOVERNMENT JUNIOR HIGH SCHOOL,"P.O. Dhajey, Pin: 737102"
School Level: JHS,292,S0469,PHALAICHADARA GOVERNMENT JUNIOR HIGH SCHOOL,"P.O. Samdong, Pin: 737107"
School Level: JHS,293,S0425,PHALIDARA GOVERNMENT JUNIOR HIGH SCHOOL,"P.O. Phalidara, Pin: 737126"
School Level: JHS,294,S0543,PHAMTAM GOVERNMENT JUNIOR HIGH SCHOOL,"P.O. Barfung, Pin: 737139"
School Level: JHS,295,S0005,PHAMTAM GOVERNMENT JUNIOR HIGH SCHOOL,"P.O. Phamtam, Pin: 737116"
School Level: JHS,296,S0387,RABITAR GOVERNMENT JUNIOR HIGH SCHOOL,"P.O. Rateypani, Pin: 737128"
School Level: JHS,297,S0379,RADU GOVERNMENT JUNIOR HIGH SCHOOL,"P.O. Dentam, Pin: 737112"
School Level: JHS,298,S0117,RAIGOAN GOVERNMENT JUNIOR HIGH SCHOOL,"P.O. Pakyong, Pin: 737106"
School Level: JHS,299,S0463,RAKDONG TINTEK GOVERNMENT JUNIOR HIGH SCHOOL,"P.O. Rakdong, Pin: 737107"
School Level: JHS,300,S0061,RALACK GOVERNMENT JUNIOR HIGH SCHOOL,"P.O. Tingchim, Pin: 737116"
School Level: JHS,301,S0477,RALEY GOVERNMENT JUNIOR HIGH SCHOOL,"P.O. Raley Khesey, Pin: 737107"
School Level: JHS,302,S0057,RANG RANG GOVERNMENT JUNIOR HIGH SCHOOL,"P.O. Rangrang, Pin: 737116"
School Level: JHS,303,S0242,RANGPO BAZAR GOVERNMENT JUNIOR HIGH SCHOOL,"P.O. Rongpo, Pin: 737132"
School Level: JHS,304,S0668,RAYOUNG GOVERNMENT JUNIOR HIGH SCHOOL,"P.O. Ravangla, Pin: 737139"
School Level: JHS,305,S0222,REY MINDU GOVERNMENT JUNIOR HIGH SCHOOL,"P.O. Ray Mindu, Pin: 737135"
School Level: JHS,306,S0166,RHENOCK BAZAR GOVERNMENT JUNIOR HIGH SCHOOL,"P.O. Rhenock, Pin: 737133"
School Level: JHS,307,S0173,RHENOCK KHAMDONG GOVERNMENT JUNIOR HIGH SCHOOL,"P.O. Rhenock, Pin: 737133"
School Level: JHS,308,S0155,RONGLI GOVERNMENT JUNIOR HIGH SCHOOL,"P.O. Rongli Bazar, Pin: 737131"
School Level: JHS,309,S0193,RONGNECK GOVERNMENT JUNIOR HIGH SCHOOL,"P.O. Raj Bhawan, Pin: 737103"
School Level: JHS,310,S0589,RUMBUK GOVERNMENT JUNIOR HIGH SCHOOL,"P.O. Sombarey, Pin: 737122"
School Level: JHS,311,S0019,SAFF0 SALIM PAKYEL GOVERNMENT JUNIOR HIGH SCHOOL,"P.O. Singhik, Pin: 737116"
School Level: JHS,312,S0142,SAJONG GOVERNMENT JUNIOR HIGH SCHOOL,"P.O. East Pendam, Pin: 737132"
School Level: JHS,313,S0512,SAKYONG CHISOPANI GOVERNMENT JUNIOR HIGH SCHOOL,"P.O. Singtam, Pin: 737134"
School Level: JHS,314,S0156,SAKYONG NAMGAYTHANG JUNIOR HIGH SCHOOL,"P.O. Sang, Pin: 737134"
School Level: JHS,315,S0430,SALLEYBONG GOVERNMENT JUNIOR HIGH SCHOOL,"P.O. Namchi, Pin: 737126"
School Level: JHS,316,S0489,SAMALINGDUM GOVERNMENT JUNIOR HIGH SCHOOL,"P.O. Lingdum, Pin: 737102"
School Level: JHS,317,S0752,SAMDONG GOVERNMENT JUNIOR HIGH SCHOOL,"P.O. Kaluk Bazar, Pin: 737114"
School Level: JHS,318,S0505,SAMLIK MARCHAK GOVERNMENT JUNIOR HIGH SCHOOL,"P.O. Samlik Marchak, Pin: 737135"
School Level: JHS,319,S0561,SAMROK GOVERNMENT JUNIOR HIGH SCHOOL,"P.O. Yangang, Pin: 737134"
School Level: JHS,320,S0010,SANGTOK GOVERNMENT JUNIOR HIGH SCHOOL,"P.O. Gor, Pin: 737107"
School Level: JHS,321,S0027,SARCHOK GOVERNMENT JUNIOR HIGH SCHOOL,"P.O. Lachung, Pin: 737120"
School Level: JHS,322,S0314,SARDUNG GOVERNMENT JUNIOR HIGH SCHOOL,"P.O. Lingchom, Pin: 737111"
School Level: JHS,323,S0234,SAURANEY GOVERNMENT JUNIOR HIGH SCHOOL,"P.O. Assam Lingzey, Pin: 737135"
School Level: JHS,324,S0371,SAWALI GAON GOVERNMENT JUNIOR HIGH SCHOOL,"P.O. Pipalay, Pin: 737121"
School Level: JHS,325,S0313,SIGENG GOVERNMENT JUNIOR HIGH SCHOOL,"P.O. Takuthang, Pin: 737121"
School Level: JHS,326,S0355,SIMBOLEY GOVERNMENT JUNIOR HIGH SCHOOL,"P.O. Dentam, Pin: 737112"
School Level: JHS,327,S0091,SIMICK LINGZEY GOVERNMENT JUNIOR HIGH SCHOOL,"P.O. Lingzey, Pin: 737134"
School Level: JHS,328,S0209,SINGBEL GOVERNMENT JUNIOR HIGH SCHOOL,"P.O. Makha, Pin: 737138"
School Level: JHS,329,S0219,SINGLEYBONG GOVERNMENT JUNIOR HIGH SCHOOL,"P.O. Sakhu Busty, Pin: 737134"
School Level: JHS,330,S0344,SINGLING GOVERNMENT JUNIOR HIGH SCHOOL,"P.O. Soreng, Pin: 737121"
School Level: JHS,331,S0563,SOKAY GOVERNMENT JUNIOR HIGH SCHOOL,"P.O. Yangang, Pin: 737134"
School Level: JHS,332,S0758,SOKPAY GOVERNMENT JUNIOR HIGH SCHOOL,"P.O. Yangang, Pin: 737134"
School Level: JHS,333,S0107,SOUTH REGU GOVERNMENT JUNIOR HIGH SCHOOL,"P.O. South Regu, Pin: 737131"
School Level: JHS,334,S0564,SRIPATAM GOVERNMENT JUNIOR HIGH SCHOOL,"P.O. Yangang, Pin: 737134"
School Level: JHS,335,S0246,SUMIN MANGTHANG GOVERNMENT JUNIOR HIGH SCHOOL,"P.O. Sangkhola, Pin: 737134"
School Level: JHS,336,S0776,SUNTALEY GOVERNMENT JUNIOR HIGH SCHOOL(S),"P.O. Sadam, Pin: 737128"
School Level: JHS,337,S0485,SURYODAYA GOVERNMENT JUNIOR HIGH SCHOOL,"P.O. Tumin, Pin: 737134"
School Level: JHS,338,S0037,SWAYEM GOVERNMENT JUNIOR HIGH SCHOOL,"P.O. Namok, Pin: 737116"
School Level: JHS,339,S0460,TAMATAM GOVERNMENT JUNIOR HIGH SCHOOL,"P.O. Gerethang, Pin: 737111"
School Level: JHS,340,S0473,TAZA GOVERNMENT JUNIOR HIGH SCHOOL,"P.O. Taza, Pin: 737133"
School Level: JHS,341,S0689,TEMI TEA GARDEN GOVERNMENT JUNIOR HIGH SCHOOL,"P.O. Temi Tarku, Pin: 737134"
School Level: JHS,342,S0492,THAMIDARA GOVERNMENT JUNIOR HIGH SCHOOL,"P.O. Gangtok Bazar, Pin: 737101"
School Level: JHS,343,S0033,THIBUK GOVERNMENT JUNIOR HIGH SCHOOL,"P.O. Namok, Pin: 737116"
School Level: JHS,344,S0352,TIMBRONG GOVERNMENT JUNIOR HIGH SCHOOL,"P.O. Rimbi, Pin: 737113"
School Level: JHS,345,S0429,TINGRITHANG GOVERNMENT JUNIOR HIGH SCHOOL,"P.O. Namchi, Pin: 737126"
School Level: JHS,346,S0453,TINIK CHISOPANI GOVERNMENT JUNIOR HIGH SCHOOL,"P.O. Nandugaon, Pin: 737126"
School Level: JHS,347,S0417,TINZIR GOVERNMENT JUNIOR HIGH SCHOOL,"P.O. Namchi, Pin: 737126"
School Level: JHS,348,S0660,TOKDEY GOVERNMENT JUNIOR HIGH SCHOOL,"P.O. Yangang, Pin: 737134"
School Level: JHS,349,S0465,TUMIN DHANBARI GOVERNMENT JUNIOR HIGH SCHOOL,"P.O. Tumin, Pin: 737134"
School Level: JHS,350,S0479,TUMIN NAMRANG GOVERNMENT JUNIOR HIGH SCHOOL,"P.O. Tumin, Pin: 737134"
School Level: JHS,351,S0239,TUMLABONG GOVERNMENT JUNIOR HIGH SCHOOL,"P.O. Ranipool, Pin: 737135"
School Level: JHS,352,S0006,TUMLONG GOVERNMENT JUNIOR HIGH SCHOOL,"P.O. Phodong, Pin: 737119"
School Level: JHS,353,S0738,UPPER CHUCHEN GOVERNMENT JUNIOR HIGH SCHOOL,"P.O. Takuthang, Pin: 737121"
School Level: JHS,354,S0544,UPPER GERETHANG GOVERNMENT JUNIOR HIGH SCHOOL,"P.O. Gerethang, Pin: 737111"
School Level: JHS,355,S0420,UPPER JAUBARI GOVERNMENT JUNIOR HIGH SCHOOL,"P.O. Namchi, Pin: 737126"
School Level: JHS,356,S0567,UPPER LINGMOO GOVERNMENT JUNIOR HIGH SCHOOL,"P.O. Yangang, Pin: 737134"
School Level: JHS,357,S0211,UPPER SUMIN GOVERNMENT JUNIOR HIGH SCHOOL,"P.O. Sangkhola, Pin: 737134"
School Level: JHS,358,S0213,UPPER SYARI GOVERNMENT JUNIOR HIGH SCHOOL,"P.O. Deorali, Pin: 737102"
School Level: JHS,359,S0574,UPPER YANGYANG GOVERNMENT JUNIOR HIGH SCHOOL,"P.O. Yangang, Pin: 737134"
School Level: JHS,360,S0723,ZEEL GOVERNMENT JUNIOR HIGH SCHOOL,"P.O. Rinchenpong, Pin: 737111"
School Level: JHS,361,S0185,ZITLANG GOVERNMENT JUNIOR HIGH SCHOOL,"P.O. Duga, Pin: 737132"
School Level: PS,362,S0516,10TH MILE GOVERNMENT PRIMARY SCHOOL,"P.O. Gnathang, Pin: 737102"
School Level: PS,363,S0692,AAPGAZI GOVERNMENT PRIMARY SCHOOL,"P.O. Temi Tarku, Pin: 737134"
School Level: PS,364,S0374,AARUBOTEY GOVERNMENT PRIMARY SCHOOL,"P.O. Arubotey, Pin: 737121"
School Level: PS,365,S0178,AGRIGAON GOVERNMENT PRIMARY SCHOOL,"P.O. Rhenock, Pin: 737133"
School Level: PS,366,S0108,AHO-YANGTAM GOVERNMENT PRIMARY SCHOOL,"P.O. Aho, Pin: 737135"
School Level: PS,367,S0415,AIFALTAR GOVERNMENT PRIMARY SCHOOL,"P.O. Temi Tarku, Pin: 737134"
School Level: PS,368,S0646,AMALAY GOVERNMENT PRIMARY SCHOOL,"P.O. Temi Tarku, Pin: 737134"
School Level: PS,369,S0529,AMBOTEY GOVERNMENT PRIMARY SCHOOL,"P.O. Sombarey, Pin: 737122"
School Level: PS,370,S0557,ANDEN GOVERNMENT PRIMARY SCHOOL,"P.O. Sombarey, Pin: 737122"
School Level: PS,371,S0682,ANITHANG GOVERNMENT PRIMARY SCHOOL,"P.O. Ralang, Pin: 737139"
School Level: PS,372,S0146,ANKUCHEN GOVERNMENT PRIMARY SCHOOL,"P.O. Bering, Pin: 737106"
School Level: PS,373,S0693,BADAMTAM GOVERNMENT PRIMARY SCHOOL,"P.O. Yangang, Pin: 737134"
School Level: PS,374,S0187,BADONG THANGSING GOVERNMENT PRIMARY SCHOOL,"P.O. Khamdong, Pin: 737134"
School Level: PS,375,S0067,BAKCHA GOVERNMENT PRIMARY SCHOOL,"P.O. Kabi, Pin: 737117"
School Level: PS,376,S0422,BAKHIM GOVERNMENT PRIMARY SCHOOL,"P.O. Kewzing, Pin: 737139"
School Level: PS,377,S0152,BANDAY GOVERNMENT PRIMARY SCHOOL,"P.O. Yangang, Pin: 737134"
School Level: PS,378,S0552,BANSBOTEY GOVERNMENT PRIMARY SCHOOL,"P.O. Namthang, Pin: 737137"
School Level: PS,379,S0278,BARAKHELEY DARA GOVERNMENT PRIMARY SCHOOL,"P.O. Soreng, Pin: 737121"
School Level: PS,380,S0310,BARASAMSING GOVERNMENT PRIMARY SCHOOL,"P.O. Naya Bazaar, Pin: 737121"
School Level: PS,381,S0227,BARBING GOVERNMENT PRIMARY SCHOOL,"P.O. Dhajey, Pin: 737102"
School Level: PS,382,S0032,BARFOK GOVERNMENT PRIMARY SCHOOL,"P.O. Sankalang, Pin: 737116"
School Level: PS,383,S0519,BARFUNG GOVERNMENT PRIMARY SCHOOL,"P.O. Ravangla, Pin: 737139"
School Level: PS,384,S0090,BASILAKHA GOVERNMENT PRIMARY SCHOOL,"P.O. Pakyong, Pin: 737106"
School Level: PS,385,S0773,BEELING GOVERNMENT PRIMARY SCHOOL,"P.O. Turuk, Pin: 737126"
School Level: PS,386,S0757,BEN KATUJA GOVERNMENT PRIMARY SCHOOL,"P.O. Ben, Pin: 737139"
School Level: PS,387,S0442,BEN PEKU GOVERNMENT PRIMARY SCHOOL,"P.O. Ben, Pin: 737139"
School Level: PS,388,S0618,BEN ROLOK GOVERNMENT PRIMARY SCHOOL,"P.O. Ben, Pin: 737139"
School Level: PS,389,S0143,BENG GOVERNMENT PRIMARY SCHOOL,"P.O. Beyong, Pin: 737134"
School Level: PS,390,S0194,BENGTHANGSING GOVERNMENT PRIMARY SCHOOL,"P.O. Khamdong, Pin: 737134"
School Level: PS,391,S0622,BERMIOK DALEP GOVERNMENT PRIMARY SCHOOL,"P.O. Temi Tarku, Pin: 737134"
School Level: PS,392,S0657,BERMIOK PASSI GOVERNMENT PRIMARY SCHOOL,"P.O. Temi Tarku, Pin: 737134"
School Level: PS,393,S0585,BEYONG GOVERNMENT PRIMARY SCHOOL,"P.O. Sombarey, Pin: 737122"
School Level: PS,394,S0603,BHAISALGAON GOVERNMENT PRIMARY SCHOOL,"P.O. Salghari, Pin: 737126"
School Level: PS,395,S0449,BHALUKHOP GOVERNMENT PRIMARY SCHOOL (S),"P.O. Namthang, Pin: 737137"
School Level: PS,396,S0707,BHALUKHOP GOVERNMENT PRIMARY SCHOOL (W),"P.O. Damthang, Pin: 737113"
School Level: PS,397,S0732,BHANJYANG DARA GOVERNMENT PRIMARY SCHOOL,"P.O. Takuthang, Pin: 737121"
School Level: PS,398,S0441,BHANJYANG GOVERNMENT PRIMARY SCHOOL,"P.O. Maniram, Pin: 737126"
School Level: PS,399,S0674,BHARENG GOVERNMENT PRIMARY SCHOOL,"P.O. Okharey, Pin: 737121"
School Level: PS,400,S0735,BIGYANI GOVERNMENT PRIMARY SCHOOL,"P.O. Payong, Pin: 737128"
School Level: PS,401,S0048,BITCHU GOVERNMENT PRIMARY SCHOOL,"P.O. Lachung, Pin: 737120"
School Level: PS,402,S0312,BOOM MELLI GOVERNMENT PRIMARY SCHOOL,"P.O. Rimbi, Pin: 737113"
School Level: PS,403,S0726,BOOM RINCHENPONG GOVERNMENT PRIMARY SCHOOL,"P.O. Kaluk Bazar, Pin: 737114"
School Level: PS,404,S0034,BOP GOVERNMENT PRIMARY SCHOOL,"P.O. Chungthang, Pin: 737120"
School Level: PS,405,S0286,BORBOTAY GOVERNMENT PRIMARY SCHOOL (W),"P.O. Chakung, Pin: 737127"
School Level: PS,406,S0611,BORBOTEY GOVERNMENT PRIMARY SCHOOL (S),"P.O. Namchi, Pin: 737126"
School Level: PS,407,S0522,BORONG DHARGOAN GOVERNMENT PRIMARY SCHOOL,"P.O. Ravangla, Pin: 737139"
School Level: PS,408,S0688,BORONG SUNTALEY GOVERNMENT PRIMARY SCHOOL,"P.O. Ravangla, Pin: 737139"
School Level: PS,409,S0672,BOUCHEN GOVERNMENT PRIMARY SCHOOL,"P.O. Phadamchen, Pin: 737131"
School Level: PS,410,S0036,BRINGBONG GOVERNMENT PRIMARY SCHOOL,"P.O. Lower Dzongu, Pin: 737116"
School Level: PS,411,S0169,BUDANG GOVERNMENT PRIMARY SCHOOL (E),"P.O. Upper Pendam, Pin: 737132"
School Level: PS,412,S0731,BUKSOM GOVERNMENT PRIMARY SCHOOL,"P.O. Sribadam, Pin: 737121"
School Level: PS,413,S0443,BUL GOVERNMENT PRIMARY SCHOOL,"P.O. Assangthang, Pin: 737126"
School Level: PS,414,S0342,BULLUNG GOVERNMENT PRIMARY SCHOOL,"P.O. Dentam, Pin: 737112"
School Level: PS,415,S0311,BYADONG GOVERNMENT PRIMARY SCHOOL,"P.O. Gayzing, Pin: 737111"
School Level: PS,416,S0087,CENTRAL PATUK GOVERNMENT PRIMARY SCHOOL,"P.O. Makha, Pin: 737138"
School Level: PS,417,S0180,CHANDANEY GOVERNMENT PRIMARY SCHOOL,"P.O. Dalapchhen, Pin: 737131"
School Level: PS,418,S0351,CHANGEY GOVERNMENT PRIMARY SCHOOL,"P.O. Dentam, Pin: 737112"
School Level: PS,419,S0163,CHANGEYLAKHA GOVERNMENT PRIMARY SCHOOL,"P.O. Rongli Bazar, Pin: 737131"
School Level: PS,420,S0024,CHATEN GOVERNMENT PRIMARY SCHOOL,"P.O. Lachen, Pin: 737120"
School Level: PS,421,S0076,CHAWANG GOVERNMENT PRIMARY SCHOOL,"P.O. Phamtam, Pin: 737116"
School Level: PS,422,S0378,CHEWRIBOTEY GOVERNMENT PRIMARY SCHOOL (W),"P.O. Bermiok, Pin: 737113"
School Level: PS,423,S0604,CHHAMGAON GOVERNMENT PRIMARY SCHOOL,"P.O. Namchi, Pin: 737126"
School Level: PS,424,S0206,CHINZEY GOVERNMENT PRIMARY SCHOOL,"P.O. Rawtey Rumtek, Pin: 737135"
School Level: PS,425,S0545,CHITTRAY GOVERNMENT PRIMARY SCHOOL,"P.O. Ravangla, Pin: 737139"
School Level: PS,426,S0456,CHIYADARA GOVERNMENT PRIMARY SCHOOL,"P.O. Namchi, Pin: 737126"
School Level: PS,427,S0347,CHOJO GOVERNMENT PRIMARY SCHOOL,"P.O. Khechuperi, Pin: 737113"
School Level: PS,428,S0214,CHONGAYTAR GOVERNMENT PRIMARY SCHOOL,"P.O. Raj Bhawan, Pin: 737103"
School Level: PS,429,S0285,CHONGZONG GOVERNMENT PRIMARY SCHOOL,"P.O. Yangthang, Pin: 737111"
School Level: PS,430,S0513,CHUJA MARTAM GOVERNMENT PRIMARY SCHOOL,"P.O. Sangkhola, Pin: 737134"
School Level: PS,431,S0154,CHUJACHEN LUNGCHOK GOVERNMENT PRIMARY SCHOOL,"P.O. Chujachen, Pin: 737131"
School Level: PS,432,S0366,CHUMANG GOVERNMENT PRIMARY SCHOOL,"P.O. Gerethang, Pin: 737111"
School Level: PS,433,S0159,CHUNBHATTI GOVERNMENT PRIMARY SCHOOL,"P.O. Rongli Bazar, Pin: 737131"
School Level: PS,434,S0571,DARAKHARKA GOVERNMENT PRIMARY SCHOOL,"P.O. Payong, Pin: 737128"
School Level: PS,435,S0658,DARING GOVERNMENT PRIMARY SCHOOL,"P.O. Temi Tarku, Pin: 737134"
School Level: PS,436,S0210,DARING LINGZEY GOVERNMENT PRIMARY SCHOOL,"P.O. Assam Lingzey, Pin: 737135"
School Level: PS,437,S0104,DEOLING GOVERNMENT PRIMARY SCHOOL,"P.O. Dalapchhen, Pin: 737131"
School Level: PS,438,S0748,DHANKUTAY DARA GOVERNMENT PRIMARY SCHOOL,"P.O. Sribadam, Pin: 737121"
School Level: PS,439,S0448,DHARGAON GOVERNMENT PRIMARY SCHOOL,"P.O. Salghari, Pin: 737126"
School Level: PS,440,S0377,DHUPPIDARA GOVERNMENT PRIMARY SCHOOL,"P.O. Karjee, Pin: 737111"
School Level: PS,441,S0201,DIPUDARA GOVERNMENT PRIMARY SCHOOL,"P.O. Singtam, Pin: 737134"
School Level: PS,442,S0145,DODACHEN GOVERNMENT PRIMARY SCHOOL,"P.O. Rolep, Pin: 737131"
School Level: PS,443,S0175,DOKCHEN GOVERNMENT PRIMARY SCHOOL,"P.O. Rongli Bazar, Pin: 737131"
School Level: PS,444,S0235,DOKSING GOVERNMENT PRIMARY SCHOOL,"P.O. Luing, Pin: 737103"
School Level: PS,445,S0651,DONAK GOVERNMENT PRIMARY SCHOOL,"P.O. Maniram, Pin: 737126"
School Level: PS,446,S0433,DONG TINGLEY GOVERNMENT PRIMARY SCHOOL,"P.O. Temi Tarku, Pin: 737134"
School Level: PS,447,S0081,DONGEYTHANG GOVERNMENT PRIMARY SCHOOL,"P.O. Lingzey, Pin: 737134"
School Level: PS,448,S0136,DONGRONG MANPUR GOVERNMENT PRIMARY SCHOOL,"P.O. Lingkey, Pin: 737106"
School Level: PS,449,S0409,DUE DENTAM GOVERNMENT PRIMARY SCHOOL,"P.O. Temi Tarku, Pin: 737134"
School Level: PS,450,S0069,GAIKHANA GOVERNMENT PRIMARY SCHOOL,"P.O. Kabi, Pin: 737117"
School Level: PS,451,S0007,GAIREE GOVERNMENT PRIMARY SCHOOL(SSA),"P.O. Kabi, Pin: 737117"
School Level: PS,452,S0413,GANCHUNG GOVERNMENT PRIMARY SCHOOL,"P.O. Temi Tarku, Pin: 737134"
School Level: PS,453,S0639,GANGLA GOVERNMENT PRIMARY SCHOOL,"P.O. Ravangla, Pin: 737139"
School Level: PS,454,S0186,GANGYAP GOVERNMENT PRIMARY SCHOOL (E),"P.O. Rongli Bazar, Pin: 737131"
School Level: PS,455,S1468,GEYZING MALBASEY PRIMARY SCHOOL,"P.O. Gayzing, Pin: 737111"
School Level: PS,456,S0368,GHUMAUNEY GOVERNMENT PRIMARY SCHOOL,"P.O. Pipalay, Pin: 737121"
School Level: PS,457,S0051,GNON GOVERNMENT PRIMARY SCHOOL,"P.O. Tingvong, Pin: 737116"
School Level: PS,458,S0784,GUMPA DARA GOVERNMENT PRIMARY SCHOOL,"P.O. Vok, Pin: 737126"
School Level: PS,459,S0635,GUPTIGAON GOVERNMENT PRIMARY SCHOOL,"P.O. Sadam, Pin: 737128"
School Level: PS,460,S0303,GYANODAYA GOVERNMENT PRIMARY SCHOOL,"P.O. Soreng, Pin: 737121"
School Level: PS,461,S0650,HARRABOTEY GOVERNMENT PRIMARY SCHOOL,"P.O. Nandugaon, Pin: 737126"
School Level: PS,462,S0372,HEE SAPUNG GOVERNMENT PRIMARY SCHOOL,"P.O. Hee Gaon, Pin: 737113"
School Level: PS,463,S0370,HEE TAMABONG GOVERNMENT PRIMARY SCHOOL,"P.O. Hee Gaon, Pin: 737113"
School Level: PS,464,S0712,HEE-MAJHGAON GOVERNMENT PRIMARY SCHOOL,"P.O. Hee Gaon, Pin: 737113"
School Level: PS,465,S0348,HEE-PECHREAK GOVERNMENT PRIMARY SCHOOL,"P.O. Hee Gaon, Pin: 737113"
School Level: PS,466,S0315,HOORGAON GOVERNMENT PRIMARY SCHOOL,"P.O. Arubotey, Pin: 737121"
School Level: PS,467,S0524,JAMBUDARA GOVERNMENT PRIMARY SCHOOL,"P.O. Soreng, Pin: 737121"
School Level: PS,468,S0730,JAUBARI GOVERNMENT PRIMARY SCHOOL,"P.O. Kaluk Bazar, Pin: 737114"
School Level: PS,469,S0328,JHANKRIDHUNGA GOVERNMENT PRIMARY SCHOOL,"P.O. Dentam, Pin: 737112"
School Level: PS,470,S0594,JHOLUNGEY GOVERNMENT PRIMARY SCHOOL,"P.O. Namthang, Pin: 737137"
School Level: PS,471,S0320,KABIRTHANG GOVERNMENT PRIMARY SCHOOL,"P.O. Yangtey, Pin: 737111"
School Level: PS,472,S0238,KAIYONG GOVERNMENT PRIMARY SCHOOL,"P.O. Pakyong, Pin: 737106"
School Level: PS,473,S0623,KAMARGOAN GOVERNMENT PRIMARY SCHOOL,"P.O. Temi Tarku, Pin: 737134"
School Level: PS,474,S0245,KAMERAY GOVERNMENT PRIMARY SCHOOL (E),"P.O. Pacheykhani, Pin: 737106"
School Level: PS,475,S0140,KAPUTHANG GOVERNMENT PRIMARY SCHOOL,"P.O. Pakyong, Pin: 737106"
School Level: PS,476,S0606,KAREK JOGIDARA GOVERNMENT PRIMARY SCHOOL,"P.O. Namthang, Pin: 737137"
School Level: PS,477,S0282,KARTHOK GOVERNMENT PRIMARY SCHOOL,"P.O. Timberbong, Pin: 737121"
School Level: PS,478,S0147,KARTOK GOVERNMENT PRIMARY SCHOOL,"P.O. Pakyong, Pin: 737106"
School Level: PS,479,S0103,KATARBOTEY GOVERNMENT PRIMARY SCHOOL,"P.O. Dalapchhen, Pin: 737131"
School Level: PS,480,S0562,KATENG DINGTAR GOVERNMENT PRIMARY SCHOOL,"P.O. Yangang, Pin: 737134"
School Level: PS,481,S0595,KATENG MAKERZONG GOVERNMENT PRIMARY SCHOOL,"P.O. Namthang, Pin: 737137"
School Level: PS,482,S0202,KATUK VIDHYA SAGAR GOVERNMENT PRIMARY SCHOOL,"P.O. Lingdum, Pin: 737102"
School Level: PS,483,S0666,KAU GOVERNMENT PRIMARY SCHOOL,"P.O. Payong, Pin: 737128"
School Level: PS,484,S0636,KEWZING TEA GARDEN GOVERNMENT PRIMARY SCHOOL,"P.O. Ravangla, Pin: 737139"
School Level: PS,485,S0157,KHANI GOAN GOVERNMENT PRIMARY SCHOOL,"P.O. West Pendam, Pin: 737134"
School Level: PS,486,S0548,KHAYERBOTAY GOVERNMENT PRIMARY SCHOOL,"P.O. Rateypani, Pin: 737128"
School Level: PS,487,S0289,KHORONG GOVERNMENT PRIMARY SCHOOL,"P.O. Lingchom, Pin: 737111"
School Level: PS,488,S0525,KHUTTIDARA GOVERNMENT PRIMARY SCHOOL,"P.O. Zoom, Pin: 737121"
School Level: PS,489,S0615,KITCHU-DUMRA GOVERNMENT PRIMARY SCHOOL,"P.O. Namchi, Pin: 737126"
School Level: PS,490,S0295,KOLBONG GOVERNMENT PRIMARY SCHOOL,"P.O. Suldung, Pin: 737121"
School Level: PS,491,S0704,KONABAR GOVERNMENT PRIMARY SCHOOL,"P.O. Dentam, Pin: 737112"
School Level: PS,492,S0363,KONGRI GOVERNMENT PRIMARY SCHOOL,"P.O. Karjee, Pin: 737111"
School Level: PS,493,S0608,KOPCHEY GOVERNMENT PRIMARY SCHOOL,"P.O. Namchi, Pin: 737126"
School Level: PS,494,S0772,KUBINDAY GOVERNMENT PRIMARY SCHOOL,"P.O. Melli Bazar, Pin: 737128"
School Level: PS,495,S0151,KUMREK GOVERNMENT PRIMARY SCHOOL,"P.O. Rongpo, Pin: 737132"
School Level: PS,496,S0008,LABI RANGDAM GOVERNMENT PRIMARY SCHOOL,"P.O. Phensong, Pin: 737118"
School Level: PS,497,S0539,LABING GOVERNMENT PRIMARY SCHOOL,"P.O. Gerethang, Pin: 737111"
School Level: PS,498,S0631,LAMATEN GOVERNMENT PRIMARY SCHOOL,"P.O. Tingmo, Pin: 737139"
School Level: PS,499,S0191,LAMATEN GOVERNMENT PRIMARY SCHOOL (E),"P.O. Rolep, Pin: 737131"
School Level: PS,500,S0297,LAMATHANG GOVERNMENT PRIMARY SCHOOL,"P.O. Khechuperi, Pin: 737113"
School Level: PS,501,S0496,LATUK GOVERNMENT PRIMARY SCHOOL,"P.O. Latuk, Pin: 737131"
School Level: PS,502,S0052,LAVEN GOVERNMENT PRIMARY SCHOOL,"P.O. Lingthem, Pin: 737116"
School Level: PS,503,S0467,LAXMINIKETAN VIDHYA MANDIR GOVERNMENT PRIMARY SCHOOL,"P.O. Samdong, Pin: 737107"
School Level: PS,504,S0638,LEGSHIP DHARGAON GOVERNMENT PRIMARY SCHOOL,"P.O. Kewzing, Pin: 737139"
School Level: PS,505,S0777,LETHANG GOVERNMENT PRIMARY SCHOOL,"P.O. Thingling, Pin: 737113"
School Level: PS,506,S0706,LIDUNG GOVERNMENT PRIMARY SCHOOL,"P.O. Dentam, Pin: 737112"
School Level: PS,507,S0459,LINGCHOM GOVERNMENT PRIMARY SCHOOL,"P.O. Kabi, Pin: 737117"
School Level: PS,508,S0055,LINGDEM GOVERNMENT PRIMARY SCHOOL,"P.O. Lingthem, Pin: 737116"
School Level: PS,509,S0197,LINGDONG GOVERNMENT PRIMARY SCHOOL,"P.O. Aritar, Pin: 737133"
School Level: PS,510,S0063,LINGKOO GOVERNMENT PRIMARY SCHOOL,"P.O. Tingvong, Pin: 737116"
School Level: PS,511,S0769,LINGMOO PEPTHANG GOVERNMENT PRIMARY SCHOOL,"P.O. Yangang, Pin: 737134"
School Level: PS,512,S0064,LINGTYANG GOVERNMENT PRIMARY SCHOOL,"P.O. Lum Lingthyang, Pin: 737103"
School Level: PS,513,S0419,LINGZOO GOVERNMENT PRIMARY SCHOOL,"P.O. Kewzing, Pin: 737139"
School Level: PS,514,S0171,LOK DARA GOVERNMENT PRIMARY SCHOOL,"P.O. Chujachen, Pin: 737131"
School Level: PS,515,S0079,LONGBU GOVERNMENT PRIMARY SCHOOL,"P.O. Kabi, Pin: 737117"
School Level: PS,516,S0498,LOSSING GOVERNMENT PRIMARY SCHOOL,"P.O. Parkha, Pin: 737113"
School Level: PS,517,S0648,LOWER ASSANGTHANG GOVERNMENT PRIMARY SCHOOL,"P.O. Assangthang, Pin: 737126"
School Level: PS,518,S0118,LOWER BERING GOVERNMENT PRIMARY SCHOOL,"P.O. Bering, Pin: 737106"
School Level: PS,519,S0302,LOWER BHALUTHANG GOVERNMENT PRIMARY SCHOOL,"P.O. Bhaluthang, Pin: 737111"
School Level: PS,520,S0763,LOWER BOOMTAR GOVERNMENT PRIMARY SCHOOL,"P.O. Namchi, Pin: 737126"
School Level: PS,521,S0681,LOWER BORONG GOVERNMENT PRIMARY SCHOOL,"P.O. Ravangla, Pin: 737139"
School Level: PS,522,S0573,LOWER BROOM GOVERNMENT PRIMARY SCHOOL,"P.O. Yangang, Pin: 737134"
School Level: PS,523,S0502,LOWER BURTUK GOVERNMENT PRIMARY SCHOOL,"P.O. Gangtok Head Office, Pin: 737101"
School Level: PS,524,S0165,LOWER DALAPCHAND GOVERNMENT PRIMARY SCHOOL,"P.O. Dalapchhen, Pin: 737131"
School Level: PS,525,S0440,LOWER GOAM GOVERNMENT PRIMARY SCHOOL,"P.O. Kitam, Pin: 737126"
School Level: PS,526,S0722,LOWER HATHIDHUNGA GOVERNMENT PRIMARY SCHOOL,"P.O. Rinchenpong, Pin: 737111"
School Level: PS,527,S0679,LOWER JARRONG GOVERNMENT PRIMARY SCHOOL,"P.O. Ravangla, Pin: 737139"
School Level: PS,528,S0593,LOWER JAUBARI GOVERNMENT PRIMARY SCHOOL,"P.O. Namchi, Pin: 737126"
School Level: PS,529,S0495,LOWER KADAMTAM GOVERNMENT PRIMARY SCHOOL,"P.O. Assam Lingzey, Pin: 737135"
School Level: PS,530,S0486,LOWER KAMBAL GOVERNMENT PRIMARY SCHOOL,"P.O. Raley Khesey, Pin: 737107"
School Level: PS,531,S0741,LOWER KARTHOK GOVERNMENT PRIMARY SCHOOL,"P.O. Rinchenpong, Pin: 737111"
School Level: PS,532,S0607,LOWER KITAM GOVERNMENT PRIMARY SCHOOL,"P.O. Kitam, Pin: 737126"
School Level: PS,533,S0491,LOWER LUING GOVERNMENT PRIMARY SCHOOL,"P.O. Luing, Pin: 737103"
School Level: PS,534,S0301,LOWER MANGNAM GOVERNMENT PRIMARY SCHOOL,"P.O. Karjee, Pin: 737111"
School Level: PS,535,S0035,LOWER MANGSHILA GOVERNMENT PRIMARY SCHOOL(JHUSING),"P.O. Tingchim, Pin: 737116"
School Level: PS,536,S0613,LOWER MIKKHOLA DARAGAON GOVERNMENT PRIMARY SCHOOL,"P.O. Mikkhola, Pin: 737126"
School Level: PS,537,S0626,LOWER NAMPHING GOVERNMENT PRIMARY SCHOOL,"P.O. Temi Tarku, Pin: 737134"
School Level: PS,538,S0609,LOWER NANDUGOAN GOVERNMENT PRIMARY SCHOOL,"P.O. Nandugaon, Pin: 737126"
School Level: PS,539,S0582,LOWER OKHREY GOVERNMENT PRIMARY SCHOOL,"P.O. Okharey, Pin: 737121"
School Level: PS,540,S0779,LOWER PARENG GOWN GOVERNMENT PRIMARY SCHOOL,"P.O. Takuthang, Pin: 737121"
School Level: PS,541,S0329,LOWER RADHU GOVERNMENT PRIMARY SCHOOL,"P.O. Dentam, Pin: 737112"
School Level: PS,542,S0587,LOWER RUMBUK GOVERNMENT PRIMARY SCHOOL,"P.O. Sombarey, Pin: 737122"
School Level: PS,543,S0734,LOWER SANGADORJEE GOVERNMENT PRIMARY SCHOOL,"P.O. Rinchenpong, Pin: 737111"
School Level: PS,544,S0330,LOWER SANGKHU GOVERNMENT PRIMARY SCHOOL,"P.O. Dentam, Pin: 737112"
School Level: PS,545,S0354,LOWER SAPUNG GOVERNMENT PRIMARY SCHOOL,"P.O. Dentam, Pin: 737112"
School Level: PS,546,S0598,LOWER SINGTAM GOVERNMENT PRIMARY SCHOOL,"P.O. Namchi, Pin: 737126"
School Level: PS,547,S0170,LOWER SUDUNGLAKHA GOVERNMENT PRIMARY SCHOOL,"P.O. Rhenock, Pin: 737133"
School Level: PS,548,S0349,LOWER SULDUNG GOVERNMENT PRIMARY SCHOOL,"P.O. Reshi, Pin: 737121"
School Level: PS,549,S0740,LOWER TADONG GOVERNMENT PRIMARY SCHOOL,"P.O. Kaluk Bazar, Pin: 737114"
School Level: PS,550,S0647,LOWER TANAK GOVERNMENT PRIMARY SCHOOL,"P.O. Temi Tarku, Pin: 737134"
School Level: PS,551,S1476,LOWER TIKPUR GOVERNMENT PRIMARY SCHOOL,"P.O. Tikpur, Pin: 737121"
School Level: PS,552,S0306,LOWER TIMBURBONG GOVERNMENT PRIMARY SCHOOL,"P.O. Timberbong, Pin: 737121"
School Level: PS,553,S0071,LUM GOVERNMENT PRIMARY SCHOOL,"P.O. Lum Lingthyang, Pin: 737103"
School Level: PS,554,S0296,LUNGZIK GOVERNMENT PRIMARY SCHOOL,"P.O. Lingchom, Pin: 737111"
School Level: PS,555,S0483,MACHELAKHA GOVERNMENT PRIMARY SCHOOL,"P.O. Tumin, Pin: 737134"
School Level: PS,556,S0199,MAHABIR GOVERNMENT PRIMARY SCHOOL,"P.O. Ray Mindu, Pin: 737135"
School Level: PS,557,S1246,MAJHITAR COMPOUND GOVERNMENT PRIMARY SCHOOL,"P.O. Kitam, Pin: 737126"
School Level: PS,558,S0575,MAJUWA GOVERNMENT PRIMARY SCHOOL(SOUTH),"P.O. Yangang, Pin: 737134"
School Level: PS,559,S0274,MAJUWA GOVERNMENT PRIMARY SCHOOL(WEST),"P.O. Arubotey, Pin: 737121"
School Level: PS,560,S1475,MALBASEY GOVERNMENT PRIMARY SCHOOL,"P.O. Malbasey, Pin: 737121"
School Level: PS,561,S0050,MALLING GOVERNMENT PRIMARY SCHOOL,"P.O. Mangan, Pin: 737116"
School Level: PS,562,S0427,MANGAR DALAM GOVERNMENT PRIMARY SCHOOL,"P.O. Ravangla, Pin: 737139"
School Level: PS,563,S0634,MANGBRUE GOVERNMENT PRIMARY SCHOOL,"P.O. Kewzing, Pin: 737139"
School Level: PS,564,S0336,MANGSABONG GOVERNMENT PRIMARY SCHOOL,"P.O. Yuksom, Pin: 737113"
School Level: PS,565,S0591,MANGTABONG GOVERNMENT PRIMARY SCHOOL(SSA),"P.O. Yuksom, Pin: 737113"
School Level: PS,566,S0070,MANGZING GOVERNMENT PRIMARY SCHOOL,"P.O. Sankalang, Pin: 737116"
School Level: PS,567,S0559,MANGZING JOGIDARA GOVERNMENT PRIMARY SCHOOL,"P.O. Yangang, Pin: 737134"
School Level: PS,568,S0049,MANTAM 4TH MILE GOVERNMENT PRIMARY SCHOOL,"P.O. Mangan, Pin: 737116"
School Level: PS,569,S0224,MARCHAK CHUTEN GOVERNMENT PRIMARY SCHOOL,"P.O. Ranipool, Pin: 737135"
School Level: PS,570,S0501,MARTAM LINGTAM GOVERNMENT PRIMARY SCHOOL,"P.O. Nazitam, Pin: 737134"
School Level: PS,571,S0684,MAYPONG GOVERNMENT PRIMARY SCHOOL,"P.O. Ralang, Pin: 737139"
School Level: PS,572,S0751,MEGYONG GOVERNMENT PRIMARY SCHOOL,"P.O. Rinchenpong, Pin: 737111"
School Level: PS,573,S0078,MENRONGRONG GOVERNMENT PRIMARY SCHOOL,"P.O. Kabi, Pin: 737117"
School Level: PS,574,S0216,MERUNG GOVERNMENT PRIMARY SCHOOL,"P.O. Bhusuk, Pin: 737103"
School Level: PS,575,S0053,MEYONG GOVERNMENT PRIMARY SCHOOL,"P.O. Manul, Pin: 737116"
School Level: PS,576,S0184,MIDDLE ARITAR GOVERNMENT PRIMARY SCHOOL,"P.O. Rhenock, Pin: 737133"
School Level: PS,577,S0362,MIDDLE BEGHA GOVERNMENT PRIMARY SCHOOL,"P.O. Dentam, Pin: 737112"
School Level: PS,578,S0380,MIDDLE POKHARI GOVERNMENT PRIMARY SCHOOL,"P.O. Karjee, Pin: 737111"
School Level: PS,579,S0673,MIDDLE RAYONG GOVERNMENT PRIMARY SCHOOL,"P.O. Tinkitam, Pin: 737139"
School Level: PS,580,S0750,MIDDLE TAKUTHANG GOVERNMENT PRIMARY SCHOOL,"P.O. Takuthang, Pin: 737121"
School Level: PS,581,S0481,MINTOKGANG GOVERNMENT PRIMARY SCHOOL,"P.O. Tumin, Pin: 737134"
School Level: PS,582,S0073,MOLAM GOVERNMENT PRIMARY SCHOOL,"P.O. Phamtam, Pin: 737116"
School Level: PS,583,S0590,MOONEW GOVERNMENT PRIMARY SCHOOL,"P.O. Sombarey, Pin: 737122"
School Level: PS,584,S0386,MUNGRANG GOVERNMENT PRIMARY SCHOOL,"P.O. Sumbuk, Pin: 737128"
School Level: PS,585,S0038,MUNSHITHANG GOVERNMENT PRIMARY SCHOOL (S.S.A),"P.O. Chungthang, Pin: 737120"
School Level: PS,586,S0022,NADAY GOVERNMENT PRIMARY SCHOOL,"P.O. Singhik, Pin: 737116"
School Level: PS,587,S0605,NAGI PALITAM GOVERNMENT PRIMARY SCHOOL,"P.O. Namthang, Pin: 737137"
School Level: PS,588,S0321,NAKU TADONG GOVERNMENT PRIMARY SCHOOL,"P.O. Pelling, Pin: 737113"
School Level: PS,589,S0527,NAMBU GOVERNMENT PRIMARY SCHOOL,"P.O. Nambu, Pin: 737113"
School Level: PS,590,S0383,NAMBU TAREN GOVERNMENT PRIMARY SCHOOL,"P.O. Sinek, Pin: 737111"
School Level: PS,591,S0381,NAMBUMANGTHANG GOVERNMENT PRIMARY SCHOOL,"P.O. Sinek, Pin: 737111"
School Level: PS,592,S0714,NAMGAON GOVERNMENT PRIMARY SCHOOL,"P.O. Rinchenpong, Pin: 737111"
School Level: PS,593,S0225,NAMIN DHURBA GOVERNMENT PRIMARY SCHOOL,"P.O. Ranipool, Pin: 737135"
School Level: PS,594,S0060,NAMPATAM GOVERNMENT PRIMARY SCHOOL,"P.O. Mangan, Pin: 737116"
School Level: PS,595,S0446,NAMPRICK GOVERNMENT PRIMARY SCHOOL,"P.O. Ben, Pin: 737139"
School Level: PS,596,S0438,NANDUGAON SUNTALEY GOVERNMENT PRIMARY SCHOOL,"P.O. Namchi, Pin: 737126"
School Level: PS,597,S0452,NANGDANG GOVERNMENT PRIMARY SCHOOL,"P.O. Pabong, Pin: 737126"
School Level: PS,598,S0578,NASA GOVERNMENT PRIMARY SCHOOL(WEST),"P.O. Buriakhop, Pin: 737121"
School Level: PS,599,S0255,NAVEY GOVERNMENT PRIMARY SCHOOL,"P.O. Penlong, Pin: 737103"
School Level: PS,600,S0182,NAZITAM GOVERNMENT PRIMARY SCHOOL,"P.O. Nazitam, Pin: 737134"
School Level: PS,601,S0308,NERDHANG GOVERNMENT PRIMARY SCHOOL,"P.O. Sinek, Pin: 737111"
School Level: PS,602,S0356,NESSA ARITHANG GOVERNMENT PRIMARY SCHOOL,"P.O. Tashiding, Pin: 737111"
School Level: PS,603,S0713,NIJGAON GOVERNMENT PRIMARY SCHOOL,"P.O. Rinchenpong, Pin: 737111"
School Level: PS,604,S0160,NIMACHEN GOVERNMENT PRIMARY SCHOOL,"P.O. Rongli Bazar, Pin: 737131"
School Level: PS,605,S0233,NIMTHANG GOVERNMENT PRIMARY SCHOOL,"P.O. Ranipool, Pin: 737135"
School Level: PS,606,S0444,NIZRAMENG GOVERNMENT PRIMARY SCHOOL,"P.O. Namchi, Pin: 737126"
School Level: PS,607,S0164,OKHARBOTEY GOVERNMENT PRIMARY SCHOOL,"P.O. West Pendam, Pin: 737134"
School Level: PS,608,S0361,OKHERBOTAY GOVERNMENT PRIMARY SCHOOL (W),"P.O. Chakhung, Pin: 737127"
School Level: PS,609,S0141,PACHA SARASWATI GOVERNMENT PRIMARY SCHOOL,"P.O. North Regu, Pin: 737131"
School Level: PS,610,S0127,PACHEY-SAMSING GOVERNMENT PRIMARY SCHOOL,"P.O. Pakyong, Pin: 737106"
School Level: PS,611,S0435,PAKCHEY GOVERNMENT PRIMARY SCHOOL,"P.O. Namchi, Pin: 737126"
School Level: PS,612,S0663,PAKJER GOVERNMENT PRIMARY SCHOOL,"P.O. Vok, Pin: 737126"
School Level: PS,613,S0547,PALLUM GOVERNMENT PRIMARY SCHOOL(SSA),"P.O. Namchi, Pin: 737126"
School Level: PS,614,S0261,PANGTHANG SAP GOVERNMENT PRIMARY SCHOOL,"P.O. Penlong, Pin: 737103"
School Level: PS,615,S0737,PARENGAON GOVERNMENT PRIMARY SCHOOL,"P.O. Takuthang, Pin: 737121"
School Level: PS,616,S0149,PASTING GOVERNMENT PRIMARY SCHOOL,"P.O. Lingtam, Pin: 737101"
School Level: PS,617,S0093,PATUK KOKALEY GOVERNMENT PRIMARY SCHOOL,"P.O. Dikchu, Pin: 737107"
School Level: PS,618,S0058,PEGONG GOVERNMENT PRIMARY SCHOOL,"P.O. Chungthang, Pin: 737120"
School Level: PS,619,S0068,PENTONG GOVERNMENT PRIMARY SCHOOL,"P.O. Tingvong, Pin: 737116"
School Level: PS,620,S0450,PERBING KHOP GOVERNMENT PRIMARY SCHOOL,"P.O. Parbing, Pin: 737126"
School Level: PS,621,S0316,PEWTHANG GOVERNMENT PRIMARY SCHOOL,"P.O. Sinek, Pin: 737111"
School Level: PS,622,S0667,PHAMTAM MAKERJUNG GOVERNMENT PRIMARY SCHOOL,"P.O. Ravangla, Pin: 737139"
School Level: PS,623,S0072,PHEEDANG GOVERNMENT PRIMARY SCHOOL,"P.O. Gor, Pin: 737107"
School Level: PS,624,S0230,PHENZONG GOVERNMENT PRIMARY SCHOOL,"P.O. Ranipool, Pin: 737135"
School Level: PS,625,S0113,PHERI GOVERNMENT PRIMARY SCHOOL,"P.O. Rolep, Pin: 737131"
School Level: PS,626,S0074,PHODONG GUMPA GOVERNMENT PRIMARY SCHOOL,"P.O. Phodong, Pin: 737119"
School Level: PS,627,S0284,PHUNCHEBONG GOVERNMENT PRIMARY SCHOOL,"P.O. Soreng, Pin: 737121"
School Level: PS,628,S0746,PIUREYTAR GOVERNMENT PRIMARY SCHOOL,"P.O. Okharey, Pin: 737121"
School Level: PS,629,S0597,POLITAM GOVERNMENT PRIMARY SCHOOL,"P.O. Namthang, Pin: 737137"
School Level: PS,630,S0098,POSAKEY GOVERNMENT PRIMARY SCHOOL,"P.O. Rongli Bazar, Pin: 737131"
School Level: PS,631,S0698,PURANO NAMCHI GOVERNMENT PRIMARY SCHOOL,"P.O. Namchi, Pin: 737126"
School Level: PS,632,S0168,RABDANG CHOTANG GOVERNMENT PRIMARY SCHOOL,"P.O. Sang, Pin: 737134"
School Level: PS,633,S0602,RABIKHOLA GOVERNMENT PRIMARY SCHOOL,"P.O. Maniram, Pin: 737126"
School Level: PS,634,S0462,RAKDONG SOKPAY GOVERNMENT PRIMARY SCHOOL,"P.O. Dikchu, Pin: 737107"
School Level: PS,635,S0416,RALANG LINGDING GOVERNMENT PRIMARY SCHOOL,"P.O. Ralang, Pin: 737139"
School Level: PS,636,S0671,RALONG LUNGSING GOVERNMENT PRIMARY SCHOOL,"P.O. Ralang, Pin: 737139"
School Level: PS,637,S0395,RAMABONG GOVERNMENT PRIMARY SCHOOL,"P.O. Turuk, Pin: 737126"
School Level: PS,638,S0733,RAMIDHAM GOVERNMENT PRIMARY SCHOOL,"P.O. Kaluk Bazar, Pin: 737114"
School Level: PS,639,S0292,RAMITEY GOVERNMENT PRIMARY SCHOOL,"P.O. Yangthang, Pin: 737111"
School Level: PS,640,S0042,RAMOM GOVERNMENT PRIMARY SCHOOL,"P.O. Manul, Pin: 737116"
School Level: PS,641,S0059,RAMTHANG GOVERNMENT PRIMARY SCHOOL,"P.O. Ramthang, Pin: 737116"
School Level: PS,642,S0576,RANGANG GOVERNMENT PRIMARY SCHOOL,"P.O. Yangang, Pin: 737134"
School Level: PS,643,S0331,RANGIT GOVERNMENT PRIMARY SCHOOL,"P.O. Tashiding, Pin: 737111"
School Level: PS,644,S0223,RANKA RAI GAON GOVERNMENT PRIMARY SCHOOL,"P.O. Dhajey, Pin: 737102"
School Level: PS,645,S0637,RANKEY GOVERNMENT PRIMARY SCHOOL,"P.O. Ravangla, Pin: 737139"
School Level: PS,646,S0075,RARICK GOVERNMENT PRIMARY SCHOOL,"P.O. Men Rongong, Pin: 737116"
School Level: PS,647,S0162,RESHI GOVERNMENT PRIMARY SCHOOL,"P.O. Rhenock, Pin: 737133"
School Level: PS,648,S0305,REYTHANG GOVERNMENT PRIMARY SCHOOL,"P.O. Gayzing, Pin: 737111"
School Level: PS,649,S0642,RIKEP GOVERNMENT PRIMARY SCHOOL(SSA),"P.O. Temi Tarku, Pin: 737134"
School Level: PS,650,S0092,RIKYAP GOVERNMENT PRIMARY SCHOOL,"P.O. Parkha, Pin: 737113"
School Level: PS,651,S0532,RINGYANG GOVERNMENT PRIMARY SCHOOL,"P.O. Sombarey, Pin: 737122"
School Level: PS,652,S0685,ROCKLAND(SANGANATH) GOVERNMENT PRIMARY SCHOOL,"P.O. Sanganath, Pin: 737121"
School Level: PS,653,S0759,ROKDARA GOVERNMENT PRIMARY SCHOOL,"P.O. Sadam, Pin: 737128"
School Level: PS,654,S1261,ROLU MANPUR GOVERNMENT PRIMARY SCHOOL,"P.O. Melli Bazar, Pin: 737128"
School Level: PS,655,S0546,RUBDI TORIBARI GOVERNMENT PRIMARY SCHOOL,"P.O. Namthang, Pin: 737137"
School Level: PS,656,S0762,RUCHUNG GOVERNMENT PRIMARY SCHOOL,"P.O. Namthang, Pin: 737137"
School Level: PS,657,S0215,RUMTEK KAIYATHANG GOVERNMENT PRIMARY SCHOOL,"P.O. Rumtek, Pin: 737135"
School Level: PS,658,S0710,RUNGDU GOVERNMENT PRIMARY SCHOOL,"P.O. Bermiok, Pin: 737113"
School Level: PS,659,S0086,RUNGDUNG GOVERNMENT PRIMARY SCHOOL,"P.O. Rhenock, Pin: 737133"
School Level: PS,660,S0337,RUPSANG GOVERNMENT PRIMARY SCHOOL,"P.O. Chakhung, Pin: 737127"
School Level: PS,661,S0691,SADA GOVERNMENT PRIMARY SCHOOL,"P.O. Barfung, Pin: 737139"
School Level: PS,662,S0782,SADHU GOAN GOVERNMENT PRIMARY SCHOOL,"P.O. Chakhung, Pin: 737127"
School Level: PS,663,S0724,SAGBARI GOVERNMENT PRIMARY SCHOOL,"P.O. Legship, Pin: 737111"
School Level: PS,664,S0196,SAJONG TIMPEM GOVERNMENT PRIMARY SCHOOL,"P.O. Ray Mindu, Pin: 737135"
School Level: PS,665,S0137,SAKHU KHANI GOVERNMENT PRIMARY SCHOOL,"P.O. Sakhu Busty, Pin: 737134"
School Level: PS,666,S0534,SALANGDANG GOVERNMENT PRIMARY SCHOOL,"P.O. Sombarey, Pin: 737122"
School Level: PS,667,S0275,SALLEY GOVERNMENT PRIMARY SCHOOL,"P.O. Lingchom, Pin: 737111"
School Level: PS,668,S0503,SAMDUR GOVERNMENT PRIMARY SCHOOL,"P.O. Samdur, Pin: 737102"
School Level: PS,669,S0179,SAMSING SUNTALEY GOVERNMENT PRIMARY SCHOOL,"P.O. Duga, Pin: 737132"
School Level: PS,670,S0480,SAMTAR GOVERNMENT PRIMARY SCHOOL,"P.O. Rakdong, Pin: 737107"
School Level: PS,671,S0066,SANGKALANG GOVERNMENT PRIMARY SCHOOL,"P.O. Sankalang, Pin: 737116"
School Level: PS,672,S0221,SANGKHOLA GOVERNMENT PRIMARY SCHOOL,"P.O. Sangkhola, Pin: 737134"
School Level: PS,673,S0581,SANGKHOLA GOVERNMENT PRIMARY SCHOOL,"P.O. Gayzing, Pin: 737111"
School Level: PS,674,S0367,SANKHU GOVERNMENT PRIMARY SCHOOL,"P.O. Dentam, Pin: 737112"
School Level: PS,675,S0528,SAPREY-NAGI GOVERNMENT PRIMARY SCHOOL,"P.O. Tikpur, Pin: 737121"
School Level: PS,676,S0359,SAPUNG GOVERNMENT PRIMARY SCHOOL,"P.O. Dentam, Pin: 737112"
School Level: PS,677,S0768,SAWNEY GOVERNMENT PRIMARY SCHOOL,"P.O. Duga, Pin: 737132"
School Level: PS,678,S0376,SEPI GOVERNMENT PRIMARY SCHOOL,"P.O. Dentam, Pin: 737112"
School Level: PS,679,S0045,SHIP GYER GOVERNMENT PRIMARY SCHOOL,"P.O. Shipgyer, Pin: 737120"
School Level: PS,680,S0065,SHIPTHANG GOVERNMENT PRIMARY SCHOOL,"P.O. Men Rongong, Pin: 737116"
School Level: PS,681,S0661,SHYAMDAS GOVERNMENT PRIMARY SCHOOL(SSA),"P.O. Namchi, Pin: 737126"
School Level: PS,682,S0588,SIKTAM GOVERNMENT PRIMARY SCHOOL,"P.O. Sombarey, Pin: 737122"
School Level: PS,683,S0343,SIMAYBONG GOVERNMENT PRIMARY SCHOOL(SSA),"P.O. Sinek, Pin: 737111"
School Level: PS,684,S0339,SIMCHEN GOVERNMENT PRIMARY SCHOOL,"P.O. Khechuperi, Pin: 737113"
School Level: PS,685,S0439,SIMKHARKA GOVERNMENT PRIMARY SCHOOL,"P.O. Ben, Pin: 737139"
School Level: PS,686,S0783,SIMKUNA BHASMEY GOVERNMENT PRIMARY SCHOOL,"P.O. Chakung, Pin: 737127"
School Level: PS,687,S0702,SIMPHOK GOVERNMENT PRIMARY SCHOOL,"P.O. Dentam, Pin: 737112"
School Level: PS,688,S0778,SINDRONG GOVERNMENT PRIMARY SCHOOL,"P.O. Pelling, Pin: 737113"
School Level: PS,689,S0454,SINGITHANG GOVERNMENT PRIMARY SCHOOL,"P.O. Namchi, Pin: 737126"
School Level: PS,690,S0294,SINGLITAM GOVERNMENT PRIMARY SCHOOL,"P.O. Rimbi, Pin: 737113"
School Level: PS,691,S0537,SINGPHENG GOVERNMENT PRIMARY SCHOOL,"P.O. Gayzing, Pin: 737111"
School Level: PS,692,S0298,SINGREP GOVERNMENT PRIMARY SCHOOL,"P.O. Chumbong, Pin: 737121"
School Level: PS,693,S0761,SINGTAM PALLUM GOVERNMENT PRIMARY SCHOOL,"P.O. Singhithang, Pin: 737126"
School Level: PS,694,S0744,SINGYANG GOVERNMENT PRIMARY SCHOOL,"P.O. Pelling, Pin: 737113"
School Level: PS,695,S1247,SIRBONG GOVERNMENT PRIMARY SCHOOL,"P.O. Arubotey, Pin: 737121"
School Level: PS,696,S0307,SISNAY GOVERNMENT PRIMARY SCHOOL(W),"P.O. Naya Bazaar, Pin: 737121"
School Level: PS,697,S0172,SISNEY GOVERNMENT PRIMARY SCHOOL,"P.O. Rongli Bazar, Pin: 737131"
School Level: PS,698,S0357,SOM BUSTY GOVERNMENT PRIMARY SCHOOL,"P.O. Dentam, Pin: 737112"
School Level: PS,699,S0447,SOROK MANPUR GOVERNMENT PRIMARY SCHOOL,"P.O. Sorok, Pin: 737126"
School Level: PS,700,S0514,SOTAK GOVERNMENT PRIMARY SCHOOL,"P.O. Penlong, Pin: 737103"
School Level: PS,701,S0554,SUBINKHOR GOVERNMENT PRIMARY SCHOOL,"P.O. Rangpo, Pin: 737132"
School Level: PS,702,S0471,SUBITHANG GOVERNMENT PRIMARY SCHOOL,"P.O. Lingzey, Pin: 737134"
School Level: PS,703,S0633,SUBUK GOVERNMENT PRIMARY SCHOOL,"P.O. Sanganath, Pin: 737121"
School Level: PS,704,S0625,SUKRABAREY GOVERNMENT PRIMARY SCHOOL,"P.O. Sadam, Pin: 737128"
School Level: PS,705,S0577,SUMSEE GOVERNMENT PRIMARY SCHOOL,"P.O. Yangang, Pin: 737134"
School Level: PS,706,S0365,SUNTALEY GOVERNMENT PRIMARY SCHOOL,"P.O. Arubotey, Pin: 737121"
School Level: PS,707,S0390,SUNTALEY MAKARZONG GOVERNMENT PRIMARY SCHOOL,"P.O. Sadam, Pin: 737128"
School Level: PS,708,S0004,TADONG GOVERNMENT PRIMARY SCHOOL(SSA),"P.O. Phodong, Pin: 737119"
School Level: PS,709,S0739,TAFEL GOVERNMENT PRIMARY SCHOOL,"P.O. Rinchenpong, Pin: 737111"
School Level: PS,710,S0105,TAKSANG KAIZALEY GOVERNMENT PRIMARY SCHOOL,"P.O. Bering, Pin: 737106"
School Level: PS,711,S0700,TAKSONG GOVERNMENT PRIMARY SCHOOL,"P.O. Bering, Pin: 737106"
School Level: PS,712,S0043,TANEK GOVERNMENT PRIMARY SCHOOL,"P.O. Mangan, Pin: 737116"
School Level: PS,713,S0612,TANGEY BORBOTEY GOVERNMENT PRIMARY SCHOOL,"P.O. Namthang, Pin: 737137"
School Level: PS,714,S0729,TANGZI GOVERNMENT PRIMARY SCHOOL,"P.O. Namthang, Pin: 737137"
School Level: PS,715,S0579,TAREYBHIR GOVERNMENT PRIMARY SCHOOL,"P.O. Sombarey, Pin: 737122"
School Level: PS,716,S0619,TARKU GAIRIGOAN GOVERNMENT PRIMARY SCHOOL,"P.O. Temi Tarku, Pin: 737134"
School Level: PS,717,S0676,TARNIM GOVERNMENT PRIMARY SCHOOL,"P.O. Ravangla, Pin: 737139"
School Level: PS,718,S0677,TARNIM GOVERNMENT PRIMARY SCHOOL NEW 2010,"P.O. Ravangla, Pin: 737139"
School Level: PS,719,S0161,TARPIN SALGHARI GOVERNMENT PRIMARY SCHOOL,"P.O. Rhenock, Pin: 737133"
School Level: PS,720,S0062,TARYANG GOVERNMENT PRIMARY SCHOOL,"P.O. Gor, Pin: 737107"
School Level: PS,721,S0327,TATHANG GOVERNMENT PRIMARY SCHOOL,"P.O. Melli-Aching, Pin: 737113"
School Level: PS,722,S0445,TEK GOVERNMENT PRIMARY SCHOOL,"P.O. Turuk, Pin: 737126"
School Level: PS,723,S0461,THANGCHUNG GOVERNMENT PRIMARY SCHOOL,"P.O. Sinek, Pin: 737111"
School Level: PS,724,S0203,THEGU GOVERNMENT PRIMARY SCHOOL,"P.O. Sherathang, Pin: 737102"
School Level: PS,725,S0115,THEKABONG GOVERNMENT PRIMARY SCHOOL,"P.O. Lingkey, Pin: 737106"
School Level: PS,726,S0322,THINGLING-II GOVERNMENT PRIMARY SCHOOL,"P.O. Khechuperi, Pin: 737113"
School Level: PS,727,S0276,THONGLING GOVERNMENT PRIMARY SCHOOL,"P.O. Timberbong, Pin: 737121"
School Level: PS,728,S0144,THUNGSUNG GOVERNMENT PRIMARY SCHOOL,"P.O. Aritar, Pin: 737133"
School Level: PS,729,S0283,TIKJEK GOVERNMENT PRIMARY SCHOOL,"P.O. Yangthang, Pin: 737111"
School Level: PS,730,S0309,TIKJUK GOVERNMENT PRIMARY SCHOOL,"P.O. Pelling, Pin: 737113"
School Level: PS,731,S0549,TIMBUREY GOVERNMENT PRIMARY SCHOOL,"P.O. Salghari, Pin: 737126"
School Level: PS,732,S0077,TINGDA GOVERNMENT PRIMARY SCHOOL,"P.O. Kabi, Pin: 737117"
School Level: PS,733,S0630,TINGMOO BIRING GOVERNMENT PRIMARY SCHOOL,"P.O. Tingmo, Pin: 737139"
School Level: PS,734,S0340,TINGTING GAON GOVERNMENT PRIMARY SCHOOL,"P.O. Yuksom, Pin: 737113"
School Level: PS,735,S0499,TINKHARKA GOVERNMENT PRIMARY SCHOOL,"P.O. Lingkey, Pin: 737106"
School Level: PS,736,S0482,TINTEK CHUBA GOVERNMENT PRIMARY SCHOOL,"P.O. Rakdong, Pin: 737107"
School Level: PS,737,S0649,TINTEK MARCHAK GOVERNMENT PRIMARY SCHOOL,"P.O. Dikchu, Pin: 737107"
School Level: PS,738,S0478,TINTEK SARASWATI GOVERNMENT PRIMARY SCHOOL,"P.O. Rakdong, Pin: 737107"
School Level: PS,739,S0540,TINZIRING GOVERNMENT PRIMARY SCHOOL,"P.O. Gerethang, Pin: 737111"
School Level: PS,740,S0764,TITRIBOTEY GOVERNMENT PRIMARY SCHOOL,"P.O. Taza, Pin: 737133"
School Level: PS,741,S0696,TOKCHI GOVERNMENT PRIMARY SCHOOL,"P.O. Pakyong, Pin: 737106"
School Level: PS,742,S0538,TOPUNG GOVERNMENT PRIMARY SCHOOL,"P.O. Rimbi, Pin: 737113"
School Level: PS,743,S0293,TOYANG GOVERNMENT PRIMARY SCHOOL,"P.O. Yangthang, Pin: 737111"
School Level: PS,744,S0148,TRIKUTAM GOVERNMENT PRIMARY SCHOOL,"P.O. Nazitam, Pin: 737134"
School Level: PS,745,S0542,TSONG GOVERNMENT PRIMARY SCHOOL,"P.O. Yuksom, Pin: 737113"
School Level: PS,746,S0468,TUMIN BARANG GOVERNMENT PRIMARY SCHOOL,"P.O. Tumin, Pin: 737134"
School Level: PS,747,S0277,UPPER BHALUTHANG GOVERNMENT PRIMARY SCHOOL,"P.O. Gayzing, Pin: 737111"
School Level: PS,748,S0493,UPPER KADAMTAM GOVERNMENT PRIMARY SCHOOL,"P.O. Aho, Pin: 737135"
School Level: PS,749,S0526,UPPER KAMLING GOVERNMENT PRIMARY SCHOOL,"P.O. Reshi, Pin: 737121"
School Level: PS,750,S0346,UPPER KENGBARI GOVERNMENT PRIMARY SCHOOL,"P.O. Hee Gaon, Pin: 737113"
School Level: PS,751,S0189,UPPER KHAMDONG GOVERNMENT PRIMARY SCHOOL,"P.O. Rhenock, Pin: 737133"
School Level: PS,752,S0174,UPPER LINGCHEY GOVERNMENT PRIMARY SCHOOL,"P.O. Singtam, Pin: 737134"
School Level: PS,753,S0373,UPPER MANGNAM GOVERNMENT PRIMARY SCHOOL,"P.O. Karjee, Pin: 737111"
School Level: PS,754,S0054,UPPER MANGSHILA GOVERNMENT PRIMARY SCHOOL,"P.O. Tingchim, Pin: 737116"
School Level: PS,755,S0375,UPPER MARTAM GOVERNMENT PRIMARY SCHOOL,"P.O. Bermiok, Pin: 737113"
School Level: PS,756,S0560,UPPER NEH GOVERNMENT PRIMARY SCHOOL,"P.O. Yangang, Pin: 737134"
School Level: PS,757,S0131,UPPER PACHAK GOVERNMENT PRIMARY SCHOOL,"P.O. East Pendam, Pin: 737132"
School Level: PS,758,S0358,UPPER PAKKIGAON GOVERNMENT PRIMARY SCHOOL,"P.O. Malbasey, Pin: 737121"
School Level: PS,759,S0643,UPPER RAYONG GOVERNMENT PRIMARY SCHOOL,"P.O. Ravangla, Pin: 737139"
School Level: PS,760,S0570,UPPER SATAM GOVERNMENT PRIMARY SCHOOL,"P.O. Yangang, Pin: 737134"
School Level: PS,761,S0624,UPPER TANAK GOVERNMENT PRIMARY SCHOOL,"P.O. Temi Tarku, Pin: 737134"
School Level: PS,762,S0026,VOONG GOVERNMENT PRIMARY SCHOOL (SSA),"P.O. Naga, Pin: 737120"
School Level: PS,763,S0207,YALLI GOVERNMENT PRIMARY SCHOOL,"P.O. Bhusuk, Pin: 737103"
School Level: PS,764,S0288,YANGTEY GOVERNMENT PRIMARY SCHOOL,"P.O. Yangtey, Pin: 737111"
School Level: PS,765,S0138,ZINGLA GOVERNMENT PRIMARY SCHOOL,"P.O. Sang, Pin: 737134"
School Level: PS,766,S0167,ZULUCK GOVERNMENT PRIMARY SCHOOL,"P.O. Phadamchen, Pin: 737131"
